target,history,spec,model,n,MAE,RMSE,R2,folds,macro_MAE,macro_RMSE,macro_R2,MAE_years_won,RMSE_years_won,both_years_won,persistence_MAE,persistence_RMSE,consistent_vs_persistence
cash_cover_months,long,baseline,persistence,716,3.3462541899441343,4.681422375033435,0.5488390859746086,7,3.3461771141216268,4.6380602993584725,0.5455369350626478,0,0,0,3.3462541899441343,4.681422375033435,False
cash_cover_months,long,baseline,training_mean,716,5.24432899380703,7.066528170083574,-0.027987902674170506,7,5.244382680213411,7.024748350649039,-0.042768428291408575,0,0,0,3.3462541899441343,4.681422375033435,False
cash_cover_months,long,fiscal_only,ridge,716,3.364218625822401,4.590300187329651,0.5662315206349541,7,3.3636781036825227,4.556251329980207,0.561677886987944,3,5,3,3.3462541899441343,4.681422375033435,False
cash_cover_months,long,fiscal_only,tree,716,3.5265034509452535,4.984926788443541,0.4884437635659554,7,3.5263320851742272,4.933380765938133,0.48748268858176147,1,2,1,3.3462541899441343,4.681422375033435,False
cash_cover_months,long,fiscal_plus_disaster,ridge,716,3.492984190606616,4.729132647849529,0.5395962987997092,7,3.4931711569636397,4.673449679053749,0.5328860006278301,4,4,4,3.3462541899441343,4.681422375033435,False
cash_cover_months,long,fiscal_plus_disaster,tree,716,3.5265034509452544,4.984926788443542,0.4884437635659552,7,3.5263320851742277,4.933380765938133,0.48748268858176136,1,2,1,3.3462541899441343,4.681422375033435,False
cash_cover_months,long,fiscal_plus_fire,ridge,716,3.3608905662545685,4.585301422303073,0.5671757403982889,7,3.3604006613812714,4.551823208541138,0.5625446444408312,4,5,4,3.3462541899441343,4.681422375033435,False
cash_cover_months,long,fiscal_plus_fire,tree,716,3.5265034509452535,4.984926788443541,0.4884437635659553,7,3.5263320851742272,4.933380765938133,0.4874826885817614,1,2,1,3.3462541899441343,4.681422375033435,False
cash_cover_months,short_2017_onward,baseline,persistence,307,3.901848534201954,5.2761708914266086,0.5101646853108243,3,3.901268047678555,5.270865952882483,0.5098856238979744,0,0,0,3.901848534201954,5.2761708914266086,False
cash_cover_months,short_2017_onward,baseline,training_mean,307,5.514737242086513,7.696195139272058,-0.04223229648728699,3,5.513928831825285,7.691268557302603,-0.04256264213138583,0,0,0,3.901848534201954,5.2761708914266086,False
cash_cover_months,short_2017_onward,fiscal_only,ridge,307,3.9678696619266858,5.713731623858899,0.42555022945303833,3,3.9667280402038347,5.674428029637123,0.4304185712851969,2,1,1,3.901848534201954,5.2761708914266086,False
cash_cover_months,short_2017_onward,fiscal_only,tree,307,4.298373287725395,5.909738110184824,0.38546183917946286,3,4.29685734541432,5.894995342320795,0.38800074050718686,0,0,0,3.901848534201954,5.2761708914266086,False
cash_cover_months,short_2017_onward,fiscal_plus_disaster,ridge,307,3.935818705121063,5.6514034876998425,0.4380146222983401,3,3.9346522140422375,5.614613448533828,0.4425551648124723,2,1,1,3.901848534201954,5.2761708914266086,False
cash_cover_months,short_2017_onward,fiscal_plus_disaster,tree,307,4.298373287725394,5.909738110184824,0.38546183917946286,3,4.29685734541432,5.894995342320795,0.388000740507187,0,0,0,3.901848534201954,5.2761708914266086,False
cash_cover_months,short_2017_onward,fiscal_plus_fire,ridge,307,3.952949899835654,5.662700144906258,0.43576565837894843,3,3.9517939533043656,5.628392486941375,0.44005213299571416,2,1,1,3.901848534201954,5.2761708914266086,False
cash_cover_months,short_2017_onward,fiscal_plus_fire,tree,307,4.298373287725395,5.909738110184824,0.38546183917946286,3,4.29685734541432,5.894995342320795,0.388000740507187,0,0,0,3.901848534201954,5.2761708914266086,False
maintenance_ratio_pct,long,baseline,persistence,910,21.893799808343218,43.022931607220606,-0.5315836563874496,9,21.888994995864138,42.27659461706215,-0.8909685435191123,0,0,0,21.893799808343218,43.022931607220606,False
maintenance_ratio_pct,long,baseline,training_mean,910,19.5200666943148,34.82833017259329,-0.003704864284167053,9,19.517932187387462,33.877341001159074,-0.008806589992523348,7,7,7,21.893799808343218,43.022931607220606,True
maintenance_ratio_pct,long,fiscal_only,ridge,910,19.544158073385844,36.11910528015045,-0.07948022389867582,9,19.539318542876376,34.5790093024257,-0.0636458842221881,8,7,7,21.893799808343218,43.022931607220606,True
maintenance_ratio_pct,long,fiscal_only,tree,910,19.845047813154046,34.3271162763449,0.024975866687817483,9,19.833994941176563,33.331947546481665,0.023046314754516226,8,8,7,21.893799808343218,43.022931607220606,True
maintenance_ratio_pct,long,fiscal_plus_disaster,ridge,910,20.23338837400959,36.377227751966714,-0.09496420306348474,9,20.236400874686964,35.36473477216127,-0.1489966243588581,7,7,6,21.893799808343218,43.022931607220606,False
maintenance_ratio_pct,long,fiscal_plus_disaster,tree,910,19.845047813154046,34.3271162763449,0.024975866687817483,9,19.833994941176563,33.331947546481665,0.02304631475451613,8,8,7,21.893799808343218,43.022931607220606,True
maintenance_ratio_pct,long,fiscal_plus_fire,ridge,910,20.41901911223039,37.04002645518791,-0.13522853623548436,9,20.42424321486207,36.05780850805234,-0.24612697565066138,7,7,6,21.893799808343218,43.022931607220606,False
maintenance_ratio_pct,long,fiscal_plus_fire,tree,910,19.84504781315405,34.327116276344896,0.024975866687817705,9,19.83399494117657,33.331947546481665,0.023046314754516153,8,8,7,21.893799808343218,43.022931607220606,True
maintenance_ratio_pct,short_2017_onward,baseline,persistence,405,23.300583837464607,41.735103045121356,-0.6210761277964976,4,23.297618399924797,40.56245530925583,-0.8672012028678135,0,0,0,23.300583837464607,41.735103045121356,False
maintenance_ratio_pct,short_2017_onward,baseline,training_mean,405,22.708932969676336,32.90630180146172,-0.0077634037073850415,4,22.718209493949935,32.74937250480548,-0.009925073005235707,2,2,2,23.300583837464607,41.735103045121356,False
maintenance_ratio_pct,short_2017_onward,fiscal_only,ridge,405,23.074299778097302,35.7005327184605,-0.1861778865423167,4,23.08348230798845,35.52527169698079,-0.2509125721722054,3,2,2,23.300583837464607,41.735103045121356,False
maintenance_ratio_pct,short_2017_onward,fiscal_only,tree,405,21.825684127553746,31.42561455189026,0.08088894689055626,4,21.836028631031624,31.27501073424071,0.07762327069047101,3,4,3,23.300583837464607,41.735103045121356,True
maintenance_ratio_pct,short_2017_onward,fiscal_plus_disaster,ridge,405,23.03742353310176,35.4174503919364,-0.16744120747689095,4,23.045635373659877,35.2843428015067,-0.23097001757990868,3,2,2,23.300583837464607,41.735103045121356,False
maintenance_ratio_pct,short_2017_onward,fiscal_plus_disaster,tree,405,21.825684127553746,31.42561455189026,0.08088894689055626,4,21.836028631031628,31.27501073424071,0.07762327069047101,3,4,3,23.300583837464607,41.735103045121356,True
maintenance_ratio_pct,short_2017_onward,fiscal_plus_fire,ridge,405,23.078323616677878,35.71380815169554,-0.1870602236922687,4,23.08753272791549,35.53718207933963,-0.2518784351739144,3,2,2,23.300583837464607,41.735103045121356,False
maintenance_ratio_pct,short_2017_onward,fiscal_plus_fire,tree,405,21.825684127553746,31.425614551890263,0.08088894689055615,4,21.836028631031628,31.27501073424071,0.07762327069047101,3,4,3,23.300583837464607,41.735103045121356,True
operating_ratio_pct,long,baseline,persistence,818,7.3335207823960875,9.848497496267404,-0.049920764617338076,8,7.334371440035208,9.683182074003835,-0.1984185576622377,0,0,0,7.3335207823960875,9.848497496267404,False
operating_ratio_pct,long,baseline,training_mean,818,7.408526237921849,10.122879325445664,-0.10923786599276553,8,7.410175010693992,10.04407279977916,-0.26108232728556147,2,3,2,7.3335207823960875,9.848497496267404,False
operating_ratio_pct,long,fiscal_only,ridge,818,7.690420636168299,10.166635879771642,-0.1188480422503031,8,7.6886818116095155,9.956849968093104,-0.25647813376093564,5,4,4,7.3335207823960875,9.848497496267404,False
operating_ratio_pct,long,fiscal_only,tree,818,7.921259541044678,10.417554913108917,-0.17475733155429451,8,7.92291028851312,10.27678240173037,-0.32747272409362854,1,2,1,7.3335207823960875,9.848497496267404,False
operating_ratio_pct,long,fiscal_plus_disaster,ridge,818,7.392969033095722,9.76122311157435,-0.03139505855861913,8,7.3932866856635115,9.664731371558727,-0.16285979926887795,2,2,1,7.3335207823960875,9.848497496267404,False
operating_ratio_pct,long,fiscal_plus_disaster,tree,818,7.764460399540853,10.330708625884968,-0.15525216875153203,8,7.765172147447509,10.18455886467387,-0.3067933304184552,2,2,2,7.3335207823960875,9.848497496267404,False
operating_ratio_pct,long,fiscal_plus_fire,ridge,818,8.009505492015258,10.650996978278041,-0.22799639047854425,8,8.008773020934658,10.459947351495522,-0.3965483393854157,4,3,3,7.3335207823960875,9.848497496267404,False
operating_ratio_pct,long,fiscal_plus_fire,tree,818,7.921259541044678,10.417554913108917,-0.17475733155429451,8,7.92291028851312,10.276782401730372,-0.32747272409362854,1,2,1,7.3335207823960875,9.848497496267404,False
operating_ratio_pct,short_2017_onward,baseline,persistence,307,6.72029315960912,8.718243797839492,0.19753653471747246,3,6.727154666923002,8.681346572684307,0.1628282657032346,0,0,0,6.72029315960912,8.718243797839492,False
operating_ratio_pct,short_2017_onward,baseline,training_mean,307,7.55800917635991,10.014194332934427,-0.058764277285537014,3,7.563014173953704,9.99575489673681,-0.09023430457497206,0,0,0,6.72029315960912,8.718243797839492,False
operating_ratio_pct,short_2017_onward,fiscal_only,ridge,307,6.978029002596765,9.226862292082574,0.10117461844520004,3,6.987813185596177,9.181837085404288,0.056779747106019664,1,0,0,6.72029315960912,8.718243797839492,False
operating_ratio_pct,short_2017_onward,fiscal_only,tree,307,7.215419017210165,9.197165322156268,0.10695110763483606,3,7.22443025399802,9.159881244112546,0.06128694788968403,1,0,0,6.72029315960912,8.718243797839492,False
operating_ratio_pct,short_2017_onward,fiscal_plus_disaster,ridge,307,7.198047146286134,9.497158822039916,0.04774195260553549,3,7.2085544622770605,9.438047777077204,-0.00280210542272441,1,0,0,6.72029315960912,8.718243797839492,False
operating_ratio_pct,short_2017_onward,fiscal_plus_disaster,tree,307,7.215419017210165,9.197165322156268,0.10695110763483606,3,7.22443025399802,9.159881244112544,0.061286947889684175,1,0,0,6.72029315960912,8.718243797839492,False
operating_ratio_pct,short_2017_onward,fiscal_plus_fire,ridge,307,6.999876060239501,9.27299138693391,0.09216491541784,3,7.009984108405594,9.224258164662832,0.04690501402084087,1,0,0,6.72029315960912,8.718243797839492,False
operating_ratio_pct,short_2017_onward,fiscal_plus_fire,tree,307,7.215419017210165,9.197165322156268,0.10695110763483606,3,7.22443025399802,9.159881244112544,0.061286947889684064,1,0,0,6.72029315960912,8.718243797839492,False
