target,history,test_year,test_fy,spec,model,n,train_n,ridge_alpha,MAE,RMSE,R2
operating_ratio_pct,long,2016,2016-17,baseline,persistence,102,102,,10.498235294117647,13.159990464267361,-1.3936961847670544
operating_ratio_pct,long,2016,2016-17,baseline,training_mean,102,102,,10.990715109573241,13.131672164687576,-1.3834055278093311
operating_ratio_pct,long,2016,2016-17,fiscal_only,ridge,102,102,10.0,8.766113940105695,11.091521153110538,-0.7003569544675916
operating_ratio_pct,long,2016,2016-17,fiscal_only,tree,102,102,,9.430817241037829,11.936753332038354,-0.9693836012821957
operating_ratio_pct,long,2016,2016-17,fiscal_plus_fire,ridge,102,102,10.0,8.59757828588652,10.908394205252026,-0.644672862059775
operating_ratio_pct,long,2016,2016-17,fiscal_plus_fire,tree,102,102,,9.430817241037829,11.936753332038354,-0.9693836012821957
operating_ratio_pct,long,2016,2016-17,fiscal_plus_disaster,ridge,102,102,10.0,8.101487618765796,10.449469010983123,-0.5091983549423147
operating_ratio_pct,long,2016,2016-17,fiscal_plus_disaster,tree,102,102,,9.430817241037829,11.936753332038354,-0.9693836012821953
operating_ratio_pct,long,2017,2017-18,baseline,persistence,102,205,,5.7164705882352935,8.209994506936138,0.11042985227030433
operating_ratio_pct,long,2017,2017-18,baseline,training_mean,102,205,,6.448098995695839,8.81818011976554,-0.026248175967293008
operating_ratio_pct,long,2017,2017-18,fiscal_only,ridge,102,205,10.0,6.666126908436551,9.63387864366637,-0.22488921248423344
operating_ratio_pct,long,2017,2017-18,fiscal_only,tree,102,205,,6.921641087159501,9.953141682345278,-0.30741914389143976
operating_ratio_pct,long,2017,2017-18,fiscal_plus_fire,ridge,102,205,10.0,6.596683716872607,9.54772604608551,-0.2030796084838089
operating_ratio_pct,long,2017,2017-18,fiscal_plus_fire,tree,102,205,,6.921641087159501,9.95314168234528,-0.30741914389144
operating_ratio_pct,long,2017,2017-18,fiscal_plus_disaster,ridge,102,205,10.0,6.437321544405122,9.17405671942008,-0.11075252466656305
operating_ratio_pct,long,2017,2017-18,fiscal_plus_disaster,tree,102,205,,6.921641087159501,9.953141682345278,-0.30741914389143976
operating_ratio_pct,long,2018,2018-19,baseline,persistence,103,307,,9.352233009708737,11.970083339126385,-0.5888280359057765
operating_ratio_pct,long,2018,2018-19,baseline,training_mean,103,307,,6.432486954871765,9.869752278586938,-0.08017731236689096
operating_ratio_pct,long,2018,2018-19,fiscal_only,ridge,103,307,0.1,12.261756290828071,14.57592936124997,-1.3558902579721135
operating_ratio_pct,long,2018,2018-19,fiscal_only,tree,103,307,,10.550937058335492,13.564594567550072,-1.040310110863159
operating_ratio_pct,long,2018,2018-19,fiscal_plus_fire,ridge,103,307,0.1,12.09297516137912,14.418212085949111,-1.3051827736134687
operating_ratio_pct,long,2018,2018-19,fiscal_plus_fire,tree,103,307,,10.550937058335492,13.564594567550072,-1.040310110863159
operating_ratio_pct,long,2018,2018-19,fiscal_plus_disaster,ridge,103,307,0.1,10.211703183053004,12.686275907004642,-0.784640938653663
operating_ratio_pct,long,2018,2018-19,fiscal_plus_disaster,tree,103,307,,10.550937058335492,13.564594567550072,-1.040310110863159
operating_ratio_pct,long,2019,2019-20,baseline,persistence,102,409,,6.7244117647058825,8.633258705862632,0.019331243385392605
operating_ratio_pct,long,2019,2019-20,baseline,training_mean,102,409,,7.055046742413346,9.574963063616627,-0.20627698912298076
operating_ratio_pct,long,2019,2019-20,fiscal_only,ridge,102,409,100.0,8.226773469919044,10.297537691338533,-0.3952100926757012
operating_ratio_pct,long,2019,2019-20,fiscal_only,tree,102,409,,8.165285973809992,10.387814665112275,-0.4197805219528066
operating_ratio_pct,long,2019,2019-20,fiscal_plus_fire,ridge,102,409,10.0,8.367307391792684,10.459059963014289,-0.4393225660991087
operating_ratio_pct,long,2019,2019-20,fiscal_plus_fire,tree,102,409,,8.165285973809992,10.387814665112275,-0.4197805219528066
operating_ratio_pct,long,2019,2019-20,fiscal_plus_disaster,ridge,102,409,10.0,6.987619051863734,9.173962250297576,-0.10735463084829955
operating_ratio_pct,long,2019,2019-20,fiscal_plus_disaster,tree,102,409,,8.165285973809992,10.387814665112277,-0.419780521952807
operating_ratio_pct,long,2020,2020-21,baseline,persistence,102,512,,6.202156862745098,9.44808985778524,-0.22307013339047166
operating_ratio_pct,long,2020,2020-21,baseline,training_mean,102,512,,6.821829810049021,9.751796922970806,-0.3029646353471487
operating_ratio_pct,long,2020,2020-21,fiscal_only,ridge,102,512,100.0,5.602203101103171,8.037185655480712,0.11494281539691031
operating_ratio_pct,long,2020,2020-21,fiscal_only,tree,102,512,,6.408569598894087,8.6814149052516,-0.03262909240171541
operating_ratio_pct,long,2020,2020-21,fiscal_plus_fire,ridge,102,512,100.0,8.499483006456567,12.38605219831728,-1.101982726562282
operating_ratio_pct,long,2020,2020-21,fiscal_plus_fire,tree,102,512,,6.408569598894087,8.6814149052516,-0.03262909240171519
operating_ratio_pct,long,2020,2020-21,fiscal_plus_disaster,ridge,102,512,100.0,6.8819594457667925,9.375176775043816,-0.204265546998871
operating_ratio_pct,long,2020,2020-21,fiscal_plus_disaster,tree,102,512,,6.180555758063637,8.737118375693269,-0.045923138092929916
operating_ratio_pct,long,2021,2021-22,baseline,persistence,103,614,,5.9650485436893215,7.910128200942119,0.2190634110066244
operating_ratio_pct,long,2021,2021-22,baseline,training_mean,103,614,,6.668644887890959,9.070840889024812,-0.02693705510743727
operating_ratio_pct,long,2021,2021-22,fiscal_only,ridge,103,614,100.0,5.901394120412645,7.820924499064121,0.23657757412751146
operating_ratio_pct,long,2021,2021-22,fiscal_only,tree,103,614,,6.3477285131021395,8.205891174279529,0.15957254224143647
operating_ratio_pct,long,2021,2021-22,fiscal_plus_fire,ridge,103,614,100.0,5.854864194129581,7.782866962004453,0.2439893033254178
operating_ratio_pct,long,2021,2021-22,fiscal_plus_fire,tree,103,614,,6.347728513102141,8.205891174279529,0.15957254224143647
operating_ratio_pct,long,2021,2021-22,fiscal_plus_disaster,ridge,103,614,100.0,6.046214756625404,7.922059385407608,0.21670579422649694
operating_ratio_pct,long,2021,2021-22,fiscal_plus_disaster,tree,103,614,,6.077066225088243,7.960702344610481,0.20904550576810843
operating_ratio_pct,long,2022,2022-23,baseline,persistence,101,716,,7.780396039603957,9.924407257158514,-0.10693830623779776
operating_ratio_pct,long,2022,2022-23,baseline,training_mean,101,716,,7.247027767022511,9.591452541370856,-0.033910690563759394
operating_ratio_pct,long,2022,2022-23,fiscal_only,ridge,101,716,100.0,7.724257480503728,9.721890801993487,-0.062223092921793954
operating_ratio_pct,long,2022,2022-23,fiscal_only,tree,101,716,,8.980729629681498,10.812598012005614,-0.3139364961323645
operating_ratio_pct,long,2022,2022-23,fiscal_plus_fire,ridge,101,716,100.0,7.696212190334778,9.695172054924036,-0.0563924843504533
operating_ratio_pct,long,2022,2022-23,fiscal_plus_fire,tree,101,716,,8.980729629681498,10.812598012005614,-0.3139364961323645
operating_ratio_pct,long,2022,2022-23,fiscal_plus_disaster,ridge,101,716,100.0,8.105586126816034,10.07524033068306,-0.1408409202588119
operating_ratio_pct,long,2022,2022-23,fiscal_plus_disaster,tree,101,716,,8.237471306129525,10.27315133658812,-0.18610089382450967
operating_ratio_pct,long,2023,2023-24,baseline,persistence,103,819,,6.436019417475728,8.209504259952286,0.3763596923408772
operating_ratio_pct,long,2023,2023-24,baseline,training_mean,103,819,,7.617549818035256,10.543924418210123,-0.028738231999650532
operating_ratio_pct,long,2023,2023-24,fiscal_only,ridge,103,819,100.0,6.360829181567215,8.475931938841098,0.33522415090952695
operating_ratio_pct,long,2023,2023-24,fiscal_only,tree,103,819,,6.5775732060844225,8.672050875260249,0.3041046315332162
operating_ratio_pct,long,2023,2023-24,fiscal_plus_fire,ridge,103,819,100.0,6.365080220625408,8.482095296417475,0.3342570027601528
operating_ratio_pct,long,2023,2023-24,fiscal_plus_fire,tree,103,819,,6.5775732060844225,8.672050875260249,0.3041046315332162
operating_ratio_pct,long,2023,2023-24,fiscal_plus_disaster,ridge,103,819,100.0,6.374401758012206,8.461610593629917,0.3374687279910027
operating_ratio_pct,long,2023,2023-24,fiscal_plus_disaster,tree,103,819,,6.557602529955854,8.663194613453104,0.3055252607912905
operating_ratio_pct,short_2017_onward,2021,2021-22,baseline,persistence,103,102,,5.9650485436893215,7.910128200942119,0.2190634110066244
operating_ratio_pct,short_2017_onward,2021,2021-22,baseline,training_mean,103,102,,6.745800494955265,9.064101792854096,-0.025411715427775317
operating_ratio_pct,short_2017_onward,2021,2021-22,fiscal_only,ridge,103,102,10.0,6.172561588718812,8.600261532357987,0.076850490649634
operating_ratio_pct,short_2017_onward,2021,2021-22,fiscal_only,tree,103,102,,6.861614886731392,8.761317978215235,0.0419512424665639
operating_ratio_pct,short_2017_onward,2021,2021-22,fiscal_plus_fire,ridge,103,102,10.0,6.167690516262428,8.629665632038101,0.07052724498988738
operating_ratio_pct,short_2017_onward,2021,2021-22,fiscal_plus_fire,tree,103,102,,6.861614886731392,8.761317978215235,0.04195124246656379
operating_ratio_pct,short_2017_onward,2021,2021-22,fiscal_plus_disaster,ridge,103,102,10.0,6.510850337879392,8.92933101197608,0.004854526401330772
operating_ratio_pct,short_2017_onward,2021,2021-22,fiscal_plus_disaster,tree,103,102,,6.861614886731392,8.761317978215235,0.0419512424665639
operating_ratio_pct,short_2017_onward,2022,2022-23,baseline,persistence,101,204,,7.780396039603957,9.924407257158514,-0.10693830623779776
operating_ratio_pct,short_2017_onward,2022,2022-23,baseline,training_mean,101,204,,8.331281304601049,10.52115427318916,-0.2440591763008002
operating_ratio_pct,short_2017_onward,2022,2022-23,fiscal_only,ridge,101,204,10.0,8.489685276005856,10.591647998417978,-0.2607858892228643
operating_ratio_pct,short_2017_onward,2022,2022-23,fiscal_only,tree,101,204,,8.607655100933654,10.42779526382909,-0.22207892027484233
operating_ratio_pct,short_2017_onward,2022,2022-23,fiscal_plus_fire,ridge,101,204,10.0,8.561569501900959,10.688290942721887,-0.28389880791648325
operating_ratio_pct,short_2017_onward,2022,2022-23,fiscal_plus_fire,tree,101,204,,8.607655100933654,10.427795263829088,-0.2220789202748421
operating_ratio_pct,short_2017_onward,2022,2022-23,fiscal_plus_disaster,ridge,101,204,10.0,8.821427466884195,11.030468071695902,-0.36742068497052216
operating_ratio_pct,short_2017_onward,2022,2022-23,fiscal_plus_disaster,tree,101,204,,8.607655100933654,10.427795263829088,-0.22207892027484188
operating_ratio_pct,short_2017_onward,2023,2023-24,baseline,persistence,103,307,,6.436019417475728,8.209504259952286,0.3763596923408772
operating_ratio_pct,short_2017_onward,2023,2023-24,baseline,training_mean,103,307,,7.611960722304798,10.402008624167173,-0.0012320219963406487
operating_ratio_pct,short_2017_onward,2023,2023-24,fiscal_only,ridge,103,307,100.0,6.30119269206386,8.353601725436896,0.35427463989128927
operating_ratio_pct,short_2017_onward,2023,2023-24,fiscal_only,tree,103,307,,6.204020774329014,8.290530490293309,0.3639885214773305
operating_ratio_pct,short_2017_onward,2023,2023-24,fiscal_plus_fire,ridge,103,307,100.0,6.300692307053398,8.354817919228507,0.3540866049891185
operating_ratio_pct,short_2017_onward,2023,2023-24,fiscal_plus_fire,tree,103,307,,6.204020774329014,8.290530490293309,0.3639885214773305
operating_ratio_pct,short_2017_onward,2023,2023-24,fiscal_plus_disaster,ridge,103,307,100.0,6.293385582067595,8.354344247559633,0.35415984230101816
operating_ratio_pct,short_2017_onward,2023,2023-24,fiscal_plus_disaster,tree,103,307,,6.204020774329014,8.290530490293309,0.3639885214773305
cash_cover_months,long,2017,2017-18,baseline,persistence,102,103,,2.8540196078431364,3.793140739106139,0.5460396264246913
cash_cover_months,long,2017,2017-18,baseline,training_mean,102,103,,4.602745098039215,5.79590207578954,-0.05989320895696704
cash_cover_months,long,2017,2017-18,fiscal_only,ridge,102,103,10.0,2.6044543382753838,3.4878216933609942,0.6161791348112062
cash_cover_months,long,2017,2017-18,fiscal_only,tree,102,103,,2.791463844797178,3.703387737830282,0.567268610244488
cash_cover_months,long,2017,2017-18,fiscal_plus_fire,ridge,102,103,10.0,2.6263678131078825,3.5058109252844685,0.6122096379159871
cash_cover_months,long,2017,2017-18,fiscal_plus_fire,tree,102,103,,2.7914638447971774,3.703387737830282,0.567268610244488
cash_cover_months,long,2017,2017-18,fiscal_plus_disaster,ridge,102,103,10.0,2.7691894124171763,3.545084091727908,0.6034726809315227
cash_cover_months,long,2017,2017-18,fiscal_plus_disaster,tree,102,103,,2.7914638447971787,3.703387737830283,0.5672686102444879
cash_cover_months,long,2018,2018-19,baseline,persistence,103,205,,2.6680631067961165,3.910546391304377,0.5971125161684219
cash_cover_months,long,2018,2018-19,baseline,training_mean,103,205,,4.717449997632015,6.194226011303501,-0.010841320081076855
cash_cover_months,long,2018,2018-19,fiscal_only,ridge,103,205,10.0,3.08566939196562,4.2129387836262735,0.532394954809567
cash_cover_months,long,2018,2018-19,fiscal_only,tree,103,205,,2.973351386921879,4.448034787049077,0.4787509922579307
cash_cover_months,long,2018,2018-19,fiscal_plus_fire,ridge,103,205,10.0,3.050086419958279,4.176858449559764,0.5403699587417408
cash_cover_months,long,2018,2018-19,fiscal_plus_fire,tree,103,205,,2.973351386921879,4.448034787049076,0.47875099225793094
cash_cover_months,long,2018,2018-19,fiscal_plus_disaster,ridge,103,205,10.0,2.859939150073654,4.002432912279174,0.5779566969675152
cash_cover_months,long,2018,2018-19,fiscal_plus_disaster,tree,103,205,,2.973351386921879,4.448034787049076,0.47875099225793094
cash_cover_months,long,2019,2019-20,baseline,persistence,102,307,,2.905588235294117,4.183369385048935,0.6381989103652366
cash_cover_months,long,2019,2019-20,baseline,training_mean,102,307,,5.3883175895765465,6.9648615968236385,-0.0028648836037052927
cash_cover_months,long,2019,2019-20,fiscal_only,ridge,102,307,0.1,3.139392539532688,4.430947910365955,0.5941077753335574
cash_cover_months,long,2019,2019-20,fiscal_only,tree,102,307,,3.195385080459873,4.5657777772829675,0.5690300565680726
cash_cover_months,long,2019,2019-20,fiscal_plus_fire,ridge,102,307,0.1,3.14252063155316,4.433535859422523,0.5936335042841586
cash_cover_months,long,2019,2019-20,fiscal_plus_fire,tree,102,307,,3.195385080459873,4.5657777772829675,0.5690300565680724
cash_cover_months,long,2019,2019-20,fiscal_plus_disaster,ridge,102,307,0.1,3.1178773799669344,4.408786315432445,0.5981577999535875
cash_cover_months,long,2019,2019-20,fiscal_plus_disaster,tree,102,307,,3.195385080459873,4.5657777772829675,0.5690300565680724
cash_cover_months,long,2020,2020-21,baseline,persistence,102,410,,3.2917647058823523,4.76676772140241,0.5077506207862617
cash_cover_months,long,2020,2020-21,baseline,training_mean,102,410,,5.427913758967003,6.8705413363334005,-0.02263137073298238
cash_cover_months,long,2020,2020-21,fiscal_only,ridge,102,410,0.1,3.417666439055722,4.712566237296555,0.5188814161774987
cash_cover_months,long,2020,2020-21,fiscal_only,tree,102,410,,3.5514607698906437,5.049367543395644,0.4476540604363478
cash_cover_months,long,2020,2020-21,fiscal_plus_fire,ridge,102,410,0.1,3.427256430244055,4.718374114941774,0.517694801669043
cash_cover_months,long,2020,2020-21,fiscal_plus_fire,tree,102,410,,3.5514607698906433,5.049367543395645,0.4476540604363477
cash_cover_months,long,2020,2020-21,fiscal_plus_disaster,ridge,102,410,0.1,4.592264501865493,5.884487363902829,0.24983902635636301
cash_cover_months,long,2020,2020-21,fiscal_plus_disaster,tree,102,410,,3.5514607698906437,5.049367543395644,0.4476540604363477
cash_cover_months,long,2021,2021-22,baseline,persistence,103,512,,4.032728155339806,5.4714507112138655,0.513935787586933
cash_cover_months,long,2021,2021-22,baseline,training_mean,103,512,,5.68480548581614,8.09162615876159,-0.0630661342215495
cash_cover_months,long,2021,2021-22,fiscal_only,ridge,103,512,0.1,4.043826536527194,5.364941701927422,0.5326753623771096
cash_cover_months,long,2021,2021-22,fiscal_only,tree,103,512,,4.1722631498148,6.058508662676364,0.4040358576487595
cash_cover_months,long,2021,2021-22,fiscal_plus_fire,ridge,103,512,0.1,4.023557335536455,5.351784349017907,0.5349647499254392
cash_cover_months,long,2021,2021-22,fiscal_plus_fire,tree,103,512,,4.172263149814801,6.058508662676364,0.4040358576487594
cash_cover_months,long,2021,2021-22,fiscal_plus_disaster,ridge,103,512,0.1,3.9234234415923885,5.26287811073378,0.5502871602157156
cash_cover_months,long,2021,2021-22,fiscal_plus_disaster,tree,103,512,,4.1722631498148,6.058508662676364,0.4040358576487594
cash_cover_months,long,2022,2022-23,baseline,persistence,101,614,,3.812163366336634,5.006712787996246,0.5396387188047296
cash_cover_months,long,2022,2022-23,baseline,training_mean,101,614,,5.420688210726609,7.70605260272688,-0.09057960399143572
cash_cover_months,long,2022,2022-23,fiscal_only,ridge,101,614,0.1,3.6349316746978424,4.779421889265571,0.5804882114470786
cash_cover_months,long,2022,2022-23,fiscal_only,tree,101,614,,3.985326419334238,5.392743151261582,0.46591189621534657
cash_cover_months,long,2022,2022-23,fiscal_plus_fire,ridge,101,614,0.1,3.6275432713602056,4.772177029661113,0.5817590766374547
cash_cover_months,long,2022,2022-23,fiscal_plus_fire,tree,101,614,,3.985326419334238,5.392743151261581,0.4659118962153467
cash_cover_months,long,2022,2022-23,fiscal_plus_disaster,ridge,101,614,10.0,3.560196201098822,4.716312542594396,0.5914938609358544
cash_cover_months,long,2022,2022-23,fiscal_plus_disaster,tree,101,614,,3.985326419334239,5.392743151261582,0.46591189621534645
cash_cover_months,long,2023,2023-24,baseline,persistence,103,717,,3.858912621359224,5.334434359437337,0.47608236530226067
cash_cover_months,long,2023,2023-24,baseline,training_mean,103,717,,5.468758620736349,7.550028672804724,-0.04950247645214323
cash_cover_months,long,2023,2023-24,fiscal_only,ridge,103,717,0.1,3.619805805723206,4.905121094018679,0.55701835395959
cash_cover_months,long,2023,2023-24,fiscal_only,tree,103,717,,4.01507394500098,5.315845702071015,0.47972734670138506
cash_cover_months,long,2023,2023-24,fiscal_plus_fire,ridge,103,717,0.1,3.625472727908864,4.904221731900417,0.5571807819119946
cash_cover_months,long,2023,2023-24,fiscal_plus_fire,tree,103,717,,4.01507394500098,5.315845702071016,0.47972734670138495
cash_cover_months,long,2023,2023-24,fiscal_plus_disaster,ridge,103,717,10.0,3.6293080117310086,4.894166416705714,0.5589947790342523
cash_cover_months,long,2023,2023-24,fiscal_plus_disaster,tree,103,717,,4.015073945000981,5.315845702071016,0.47972734670138495
cash_cover_months,short_2017_onward,2021,2021-22,baseline,persistence,103,102,,4.032728155339806,5.4714507112138655,0.513935787586933
cash_cover_months,short_2017_onward,2021,2021-22,baseline,training_mean,103,102,,5.674449571673329,8.04231159391318,-0.050147867532137624
cash_cover_months,short_2017_onward,2021,2021-22,fiscal_only,ridge,103,102,10.0,4.423549277857783,6.522769091264018,0.3091994527901405
cash_cover_months,short_2017_onward,2021,2021-22,fiscal_only,tree,103,102,,4.622374858151557,6.445507509061442,0.32546746637320734
cash_cover_months,short_2017_onward,2021,2021-22,fiscal_plus_fire,ridge,103,102,10.0,4.382245112691446,6.413820983870065,0.33208325422839724
cash_cover_months,short_2017_onward,2021,2021-22,fiscal_plus_fire,tree,103,102,,4.622374858151556,6.445507509061442,0.32546746637320734
cash_cover_months,short_2017_onward,2021,2021-22,fiscal_plus_disaster,ridge,103,102,10.0,4.376056457460606,6.4289761153242,0.32892310207899933
cash_cover_months,short_2017_onward,2021,2021-22,fiscal_plus_disaster,tree,103,102,,4.622374858151556,6.445507509061442,0.32546746637320734
cash_cover_months,short_2017_onward,2022,2022-23,baseline,persistence,101,204,,3.812163366336634,5.006712787996246,0.5396387188047296
cash_cover_months,short_2017_onward,2022,2022-23,baseline,training_mean,101,204,,5.389837856726849,7.593247504508509,-0.0588843873575664
cash_cover_months,short_2017_onward,2022,2022-23,fiscal_only,ridge,101,204,10.0,3.7914891057462055,5.5945660641546,0.4251874441433383
cash_cover_months,short_2017_onward,2022,2022-23,fiscal_only,tree,101,204,,4.064160200664409,5.608951439381088,0.4222275987648777
cash_cover_months,short_2017_onward,2022,2022-23,fiscal_plus_fire,ridge,101,204,10.0,3.7743561607515512,5.563689521877243,0.4315147437212583
cash_cover_months,short_2017_onward,2022,2022-23,fiscal_plus_fire,tree,101,204,,4.064160200664409,5.608951439381089,0.4222275987648777
cash_cover_months,short_2017_onward,2022,2022-23,fiscal_plus_disaster,ridge,101,204,10.0,3.755595833442494,5.542890685762693,0.43575715552944205
cash_cover_months,short_2017_onward,2022,2022-23,fiscal_plus_disaster,tree,101,204,,4.064160200664409,5.608951439381088,0.4222275987648777
cash_cover_months,short_2017_onward,2023,2023-24,baseline,persistence,103,307,,3.858912621359224,5.334434359437337,0.47608236530226067
cash_cover_months,short_2017_onward,2023,2023-24,baseline,training_mean,103,307,,5.477499067075678,7.438246573486122,-0.018655671504453464
cash_cover_months,short_2017_onward,2023,2023-24,fiscal_only,ridge,103,307,10.0,3.685145737007516,4.90594893349275,0.556868816922112
cash_cover_months,short_2017_onward,2023,2023-24,fiscal_only,tree,103,307,,4.204036977426996,5.6305270785198545,0.4163071563834756
cash_cover_months,short_2017_onward,2023,2023-24,fiscal_plus_fire,ridge,103,307,10.0,3.6987805864700993,4.907666955076817,0.556558401037487
cash_cover_months,short_2017_onward,2023,2023-24,fiscal_plus_fire,tree,103,307,,4.204036977426996,5.630527078519853,0.41630715638347593
cash_cover_months,short_2017_onward,2023,2023-24,fiscal_plus_disaster,ridge,103,307,10.0,3.672304351223613,4.87197354451459,0.5629852368289756
cash_cover_months,short_2017_onward,2023,2023-24,fiscal_plus_disaster,tree,103,307,,4.204036977426996,5.630527078519853,0.41630715638347604
maintenance_ratio_pct,long,2016,2016-17,baseline,persistence,102,100,,23.450068907045203,38.446796605808565,-0.20065812337694067
maintenance_ratio_pct,long,2016,2016-17,baseline,training_mean,102,100,,17.954628738278803,35.15985490474321,-0.004137512285633527
maintenance_ratio_pct,long,2016,2016-17,fiscal_only,ridge,102,100,10.0,22.40176100326328,51.473416178979676,-1.1521127876093868
maintenance_ratio_pct,long,2016,2016-17,fiscal_only,tree,102,100,,21.80729875482371,35.85111792310256,-0.04400949468870352
maintenance_ratio_pct,long,2016,2016-17,fiscal_plus_fire,ridge,102,100,10.0,22.344165710771783,50.374028372367206,-1.0611633337056294
maintenance_ratio_pct,long,2016,2016-17,fiscal_plus_fire,tree,102,100,,21.807298754823723,35.851117923102564,-0.044009494688703965
maintenance_ratio_pct,long,2016,2016-17,fiscal_plus_disaster,ridge,102,100,10.0,22.546681552895496,48.63376961994818,-0.9212103146382176
maintenance_ratio_pct,long,2016,2016-17,fiscal_plus_disaster,tree,102,100,,21.807298754823716,35.85111792310256,-0.04400949468870352
maintenance_ratio_pct,long,2017,2017-18,baseline,persistence,100,202,,21.796481974485996,46.774750435881614,-1.8549751653260724
maintenance_ratio_pct,long,2017,2017-18,baseline,training_mean,100,202,,17.331909871591314,27.69925028226778,-0.0011874698464178213
maintenance_ratio_pct,long,2017,2017-18,fiscal_only,ridge,100,202,10.0,18.33539562105095,27.207814379830182,0.03402321602793268
maintenance_ratio_pct,long,2017,2017-18,fiscal_only,tree,100,202,,17.825523411197903,27.60860707243724,0.0053543937889888316
maintenance_ratio_pct,long,2017,2017-18,fiscal_plus_fire,ridge,100,202,10.0,18.094436820592733,26.978639426262884,0.050227776603379626
maintenance_ratio_pct,long,2017,2017-18,fiscal_plus_fire,tree,100,202,,17.825523411197892,27.608607072437245,0.0053543937889887205
maintenance_ratio_pct,long,2017,2017-18,fiscal_plus_disaster,ridge,100,202,10.0,18.800198567726003,27.892331346714275,-0.015193920366732394
maintenance_ratio_pct,long,2017,2017-18,fiscal_plus_disaster,tree,100,202,,17.8255234111979,27.60860707243725,0.0053543937889884985
maintenance_ratio_pct,long,2018,2018-19,baseline,persistence,102,304,,18.937251625194488,43.33124391878314,-0.2186973789500708
maintenance_ratio_pct,long,2018,2018-19,baseline,training_mean,102,304,,17.23143493530109,39.50322022929913,-0.012881324789731696
maintenance_ratio_pct,long,2018,2018-19,fiscal_only,ridge,102,304,100.0,17.21402414083667,37.78138535627454,0.07349168596370881
maintenance_ratio_pct,long,2018,2018-19,fiscal_only,tree,102,304,,19.399954603469073,39.4135575945979,-0.008288557879587932
maintenance_ratio_pct,long,2018,2018-19,fiscal_plus_fire,ridge,102,304,100.0,16.967459854334482,37.72116632344799,0.07644282023278137
maintenance_ratio_pct,long,2018,2018-19,fiscal_plus_fire,tree,102,304,,19.399954603469073,39.41355759459789,-0.00828855787958771
maintenance_ratio_pct,long,2018,2018-19,fiscal_plus_disaster,ridge,102,304,100.0,16.44933688607406,37.668479594754416,0.07902096026022665
maintenance_ratio_pct,long,2018,2018-19,fiscal_plus_disaster,tree,102,304,,19.399954603469073,39.4135575945979,-0.008288557879587932
maintenance_ratio_pct,long,2019,2019-20,baseline,persistence,101,404,,20.798594046883554,52.872352967057246,-0.0955769840051397
maintenance_ratio_pct,long,2019,2019-20,baseline,training_mean,101,404,,18.937502551381694,50.657404253595494,-0.005707035268495586
maintenance_ratio_pct,long,2019,2019-20,fiscal_only,ridge,101,404,100.0,18.84763629899247,50.56237293867436,-0.0019372402242185949
maintenance_ratio_pct,long,2019,2019-20,fiscal_only,tree,101,404,,19.99849852030029,50.885544250646205,-0.014786010371317992
maintenance_ratio_pct,long,2019,2019-20,fiscal_plus_fire,ridge,101,404,100.0,19.071766207332853,50.5683051777679,-0.0021723589338402682
maintenance_ratio_pct,long,2019,2019-20,fiscal_plus_fire,tree,101,404,,19.998498520300295,50.885544250646205,-0.014786010371318214
maintenance_ratio_pct,long,2019,2019-20,fiscal_plus_disaster,ridge,101,404,100.0,19.04165503430621,50.695423082914395,-0.007217185772124379
maintenance_ratio_pct,long,2019,2019-20,fiscal_plus_disaster,tree,101,404,,19.998498520300295,50.885544250646205,-0.014786010371317992
maintenance_ratio_pct,long,2020,2020-21,baseline,persistence,100,506,,18.82808480946881,36.81438638900547,-2.1800044285425337
maintenance_ratio_pct,long,2020,2020-21,baseline,training_mean,100,506,,14.511171465568076,20.700196365595296,-0.00540611645461353
maintenance_ratio_pct,long,2020,2020-21,fiscal_only,ridge,100,506,100.0,13.43075219421057,17.93603853548705,0.2451760890451512
maintenance_ratio_pct,long,2020,2020-21,fiscal_only,tree,100,506,,13.88602791774812,19.74231710929718,0.08548919866849125
maintenance_ratio_pct,long,2020,2020-21,fiscal_plus_fire,ridge,100,506,100.0,21.68753472302296,32.73892796752502,-1.5149045186324681
maintenance_ratio_pct,long,2020,2020-21,fiscal_plus_fire,tree,100,506,,13.886027917748121,19.742317109297186,0.0854891986684908
maintenance_ratio_pct,long,2020,2020-21,fiscal_plus_disaster,ridge,100,506,100.0,19.392503566760254,26.832058775315836,-0.6892758973814141
maintenance_ratio_pct,long,2020,2020-21,fiscal_plus_disaster,tree,100,506,,13.886027917748118,19.74231710929718,0.08548919866849125
maintenance_ratio_pct,long,2021,2021-22,baseline,persistence,102,607,,25.46149411155226,56.02947124231029,-3.2744928617290805
maintenance_ratio_pct,long,2021,2021-22,baseline,training_mean,102,607,,20.281539169837135,27.118376582380847,-0.0013339079056189362
maintenance_ratio_pct,long,2021,2021-22,fiscal_only,ridge,102,607,100.0,19.499979883785453,27.32866887599795,-0.016924019501601162
maintenance_ratio_pct,long,2021,2021-22,fiscal_only,tree,102,607,,20.732448485534462,28.650999699223494,-0.11771507482229526
maintenance_ratio_pct,long,2021,2021-22,fiscal_plus_fire,ridge,102,607,100.0,19.544029743713764,27.235892090844494,-0.010031126565417381
maintenance_ratio_pct,long,2021,2021-22,fiscal_plus_fire,tree,102,607,,20.73244848553447,28.650999699223494,-0.11771507482229526
maintenance_ratio_pct,long,2021,2021-22,fiscal_plus_disaster,ridge,102,607,100.0,19.659206803018943,27.28078115380251,-0.01336325270936145
maintenance_ratio_pct,long,2021,2021-22,fiscal_plus_disaster,tree,102,607,,20.732448485534434,28.6509996992235,-0.11771507482229548
maintenance_ratio_pct,long,2022,2022-23,baseline,persistence,100,707,,22.466911493613484,34.54520870675346,0.04611918859182518
maintenance_ratio_pct,long,2022,2022-23,baseline,training_mean,100,707,,24.093688837346896,35.858779254224835,-0.02780203262241221
maintenance_ratio_pct,long,2022,2022-23,fiscal_only,ridge,100,707,100.0,24.063651697814738,35.90444353830643,-0.030421403882370468
maintenance_ratio_pct,long,2022,2022-23,fiscal_only,tree,100,707,,21.751481050427486,32.96497335946111,0.1313917919322113
maintenance_ratio_pct,long,2022,2022-23,fiscal_plus_fire,ridge,100,707,100.0,24.06059233457198,35.89994357129772,-0.03016313101736734
maintenance_ratio_pct,long,2022,2022-23,fiscal_plus_fire,tree,100,707,,21.751481050427493,32.964973359461105,0.1313917919322115
maintenance_ratio_pct,long,2022,2022-23,fiscal_plus_disaster,ridge,100,707,100.0,23.969916189863902,35.73975244960167,-0.02099014677211053
maintenance_ratio_pct,long,2022,2022-23,fiscal_plus_disaster,tree,100,707,,21.751481050427493,32.96497335946112,0.1313917919322104
maintenance_ratio_pct,long,2023,2023-24,baseline,persistence,102,809,,21.504037985607628,30.610668515937295,0.1232556176205305
maintenance_ratio_pct,long,2023,2023-24,baseline,training_mean,102,809,,21.929500822354065,32.98051420934399,-0.017752571246323345
maintenance_ratio_pct,long,2023,2023-24,fiscal_only,ridge,102,809,100.0,20.65732579168355,30.143278252858746,0.1498250037330222
maintenance_ratio_pct,long,2023,2023-24,fiscal_only,tree,102,809,,21.4154389762342,31.696731788435685,0.059938356331573184
maintenance_ratio_pct,long,2023,2023-24,fiscal_plus_fire,ridge,102,809,100.0,20.657218389403088,30.140755575752713,0.14996729928800623
maintenance_ratio_pct,long,2023,2023-24,fiscal_plus_fire,tree,102,809,,21.41543897623421,31.69673178843568,0.059938356331573295
maintenance_ratio_pct,long,2023,2023-24,fiscal_plus_disaster,ridge,102,809,100.0,21.002418340639448,30.359372078810996,0.13759168978612657
maintenance_ratio_pct,long,2023,2023-24,fiscal_plus_disaster,tree,102,809,,21.415438976234206,31.69673178843568,0.05993835633157352
maintenance_ratio_pct,long,2024,2024-25,baseline,persistence,101,909,,23.758030008925815,41.06447277202228,-0.3636867559545294
maintenance_ratio_pct,long,2024,2024-25,baseline,training_mean,101,909,,23.390013294828076,35.218472928981114,-0.00305133951346348
maintenance_ratio_pct,long,2024,2024-25,fiscal_only,ridge,101,909,100.0,21.40334025424969,32.87366566542239,0.12606649844806928
maintenance_ratio_pct,long,2024,2024-25,fiscal_only,tree,101,909,,21.689282750853835,33.173679121133624,0.1100422298312862
maintenance_ratio_pct,long,2024,2024-25,fiscal_plus_fire,ridge,101,909,100.0,21.390985150014988,32.86261806720515,0.12665379187460268
maintenance_ratio_pct,long,2024,2024-25,fiscal_plus_fire,tree,101,909,,21.689282750853838,33.173679121133624,0.1100422298312862
maintenance_ratio_pct,long,2024,2024-25,fiscal_plus_disaster,ridge,101,909,100.0,21.265690930898337,33.180644847589164,0.10966844836388434
maintenance_ratio_pct,long,2024,2024-25,fiscal_plus_disaster,tree,101,909,,21.689282750853835,33.173679121133624,0.11004222983128642
maintenance_ratio_pct,short_2017_onward,2021,2021-22,baseline,persistence,102,101,,25.46149411155226,56.02947124231029,-3.2744928617290805
maintenance_ratio_pct,short_2017_onward,2021,2021-22,baseline,training_mean,102,101,,21.053031990746348,27.13611414413489,-0.0026442393405008424
maintenance_ratio_pct,short_2017_onward,2021,2021-22,fiscal_only,ridge,102,101,10.0,23.978511107596454,37.31696234933282,-0.8961125681380067
maintenance_ratio_pct,short_2017_onward,2021,2021-22,fiscal_only,tree,102,101,,19.67244337850753,26.460048402103016,0.046692923716222245
maintenance_ratio_pct,short_2017_onward,2021,2021-22,fiscal_plus_fire,ridge,102,101,10.0,23.980747130300596,37.33632445669201,-0.8980806950753513
maintenance_ratio_pct,short_2017_onward,2021,2021-22,fiscal_plus_fire,tree,102,101,,19.672443378507527,26.46004840210301,0.046692923716222356
maintenance_ratio_pct,short_2017_onward,2021,2021-22,fiscal_plus_disaster,ridge,102,101,10.0,23.978077418347475,36.91832782619357,-0.855818894356662
maintenance_ratio_pct,short_2017_onward,2021,2021-22,fiscal_plus_disaster,tree,102,101,,19.672443378507527,26.460048402103016,0.046692923716222245
maintenance_ratio_pct,short_2017_onward,2022,2022-23,baseline,persistence,100,201,,22.466911493613484,34.54520870675346,0.04611918859182518
maintenance_ratio_pct,short_2017_onward,2022,2022-23,baseline,training_mean,100,201,,24.128016904251016,35.78179839028488,-0.023393842363841122
maintenance_ratio_pct,short_2017_onward,2022,2022-23,fiscal_only,ridge,100,201,10.0,25.541321404959525,40.63693144074871,-0.3199585189524432
maintenance_ratio_pct,short_2017_onward,2022,2022-23,fiscal_only,tree,100,201,,23.107174569869,34.22638591219651,0.06364495138996473
maintenance_ratio_pct,short_2017_onward,2022,2022-23,fiscal_plus_fire,ridge,100,201,10.0,25.552362025818933,40.6700165848941,-0.3221087204568984
maintenance_ratio_pct,short_2017_onward,2022,2022-23,fiscal_plus_fire,tree,100,201,,23.107174569869006,34.22638591219651,0.06364495138996462
maintenance_ratio_pct,short_2017_onward,2022,2022-23,fiscal_plus_disaster,ridge,100,201,10.0,25.39748606124434,39.67700960267357,-0.25833517232914116
maintenance_ratio_pct,short_2017_onward,2022,2022-23,fiscal_plus_disaster,tree,100,201,,23.107174569869006,34.22638591219651,0.06364495138996462
maintenance_ratio_pct,short_2017_onward,2023,2023-24,baseline,persistence,102,303,,21.504037985607628,30.610668515937295,0.1232556176205305
maintenance_ratio_pct,short_2017_onward,2023,2023-24,baseline,training_mean,102,303,,22.03620207664688,32.90763920106227,-0.013259810244659498
maintenance_ratio_pct,short_2017_onward,2023,2023-24,fiscal_only,ridge,102,303,100.0,20.927367999436697,30.966245326524113,0.10276860136447319
maintenance_ratio_pct,short_2017_onward,2023,2023-24,fiscal_only,tree,102,303,,21.08123591385038,30.00798840398281,0.15743943291428897
maintenance_ratio_pct,short_2017_onward,2023,2023-24,fiscal_plus_fire,ridge,102,303,100.0,20.929457572199833,30.966946611502834,0.10272796214454183
maintenance_ratio_pct,short_2017_onward,2023,2023-24,fiscal_plus_fire,tree,102,303,,21.08123591385038,30.00798840398281,0.15743943291428897
maintenance_ratio_pct,short_2017_onward,2023,2023-24,fiscal_plus_disaster,ridge,102,303,100.0,21.139248590519138,31.173710391097817,0.09070593605459787
maintenance_ratio_pct,short_2017_onward,2023,2023-24,fiscal_plus_disaster,tree,102,303,,21.08123591385038,30.00798840398281,0.15743943291428886
maintenance_ratio_pct,short_2017_onward,2024,2024-25,baseline,persistence,101,403,,23.758030008925815,41.06447277202228,-0.3636867559545294
maintenance_ratio_pct,short_2017_onward,2024,2024-25,baseline,training_mean,101,403,,23.65558700415549,35.17193828373989,-0.00040240007194136673
maintenance_ratio_pct,short_2017_onward,2024,2024-25,fiscal_only,ridge,101,403,100.0,21.886728719961127,33.18094767131751,0.10965219703715501
maintenance_ratio_pct,short_2017_onward,2024,2024-25,fiscal_only,tree,101,403,,23.483260661899592,34.405620218680504,0.042715774741408086
maintenance_ratio_pct,short_2017_onward,2024,2024-25,fiscal_plus_fire,ridge,101,403,100.0,21.887564183342604,33.17544066426958,0.10994771269205028
maintenance_ratio_pct,short_2017_onward,2024,2024-25,fiscal_plus_fire,tree,101,403,,23.483260661899596,34.405620218680504,0.042715774741408086
maintenance_ratio_pct,short_2017_onward,2024,2024-25,fiscal_plus_disaster,ridge,101,403,100.0,21.66772942452855,33.36832338606185,0.09956806031157062
maintenance_ratio_pct,short_2017_onward,2024,2024-25,fiscal_plus_disaster,tree,101,403,,23.483260661899592,34.405620218680504,0.04271577474140831
