council_key,year_start,financial_year,category_id,category_label,official_category_id,id_basis,scope_class,quality_status,carryover_aud,notes,ordinary_scope_verified,year_end_same_scope_verified,causal_eligible,B0_aud,B0_source_id,B0_page,B0_source_url,B0_status,Q1_aud,Q1_source_id,Q1_page,Q1_source_url,Q1_status,Q2_aud,Q2_source_id,Q2_page,Q2_source_url,Q2_status,Q3_aud,Q3_source_id,Q3_page,Q3_source_url,Q3_status,ACTUAL_aud,ACTUAL_source_id,ACTUAL_page,ACTUAL_source_url,ACTUAL_status
richmondvalley,2021,2021-22,richmondvalley:festivals_and_events,Festivals and Events,,analyst_label_key_not_official_project_id,mixed_or_unverified,usable_for_descriptive_budget_only,0.0,"Q2 is the approved pre-March budget, checked against Q2 attachment p117. Monthly transfers included by Q2; Q1 taken from contemporaneous Q1 table. Not ordinary-only.",False,False,False,0.0,richmond_q3,8.0,https://richmondvalley.nsw.gov.au/wp-content/uploads/2022/11/Quarterly-Budget-Review-Statement-for-the-quarter-ended-31-March-2022.pdf,observed,0,richmond_q1,8,https://richmondvalley.nsw.gov.au/wp-content/uploads/2021/11/Quarterly-Budget-Review-Statement-for-the-quarter-ended-30-September-2021.pdf,observed,0,richmond_q3,8,https://richmondvalley.nsw.gov.au/wp-content/uploads/2022/11/Quarterly-Budget-Review-Statement-for-the-quarter-ended-31-March-2022.pdf,observed,0,richmond_q3,8,https://richmondvalley.nsw.gov.au/wp-content/uploads/2022/11/Quarterly-Budget-Review-Statement-for-the-quarter-ended-31-March-2022.pdf,observed,,,,,missing_not_reconstructed
richmondvalley,2021,2021-22,richmondvalley:swimming_pools,Swimming Pools,,analyst_label_key_not_official_project_id,mixed_or_unverified,usable_for_descriptive_budget_only,1808.0,"Q2 is the approved pre-March budget, checked against Q2 attachment p117. Monthly transfers included by Q2; Q1 taken from contemporaneous Q1 table. Not ordinary-only.",False,False,False,6085000.0,richmond_q3,8.0,https://richmondvalley.nsw.gov.au/wp-content/uploads/2022/11/Quarterly-Budget-Review-Statement-for-the-quarter-ended-31-March-2022.pdf,observed,5001808,richmond_q1,8,https://richmondvalley.nsw.gov.au/wp-content/uploads/2021/11/Quarterly-Budget-Review-Statement-for-the-quarter-ended-30-September-2021.pdf,observed,5021808,richmond_q3,8,https://richmondvalley.nsw.gov.au/wp-content/uploads/2022/11/Quarterly-Budget-Review-Statement-for-the-quarter-ended-31-March-2022.pdf,observed,3459630,richmond_q3,8,https://richmondvalley.nsw.gov.au/wp-content/uploads/2022/11/Quarterly-Budget-Review-Statement-for-the-quarter-ended-31-March-2022.pdf,observed,,,,,missing_not_reconstructed
richmondvalley,2021,2021-22,richmondvalley:libraries,Libraries,,analyst_label_key_not_official_project_id,mixed_or_unverified,usable_for_descriptive_budget_only,302212.0,"Q2 is the approved pre-March budget, checked against Q2 attachment p117. Monthly transfers included by Q2; Q1 taken from contemporaneous Q1 table. Not ordinary-only.",False,False,False,106333.0,richmond_q3,8.0,https://richmondvalley.nsw.gov.au/wp-content/uploads/2022/11/Quarterly-Budget-Review-Statement-for-the-quarter-ended-31-March-2022.pdf,observed,408545,richmond_q1,8,https://richmondvalley.nsw.gov.au/wp-content/uploads/2021/11/Quarterly-Budget-Review-Statement-for-the-quarter-ended-30-September-2021.pdf,observed,612473,richmond_q3,8,https://richmondvalley.nsw.gov.au/wp-content/uploads/2022/11/Quarterly-Budget-Review-Statement-for-the-quarter-ended-31-March-2022.pdf,observed,658982,richmond_q3,8,https://richmondvalley.nsw.gov.au/wp-content/uploads/2022/11/Quarterly-Budget-Review-Statement-for-the-quarter-ended-31-March-2022.pdf,observed,,,,,missing_not_reconstructed
richmondvalley,2021,2021-22,richmondvalley:emergency_management,Emergency Management,,analyst_label_key_not_official_project_id,mixed_or_unverified,usable_for_descriptive_budget_only,238189.0,"Q2 is the approved pre-March budget, checked against Q2 attachment p117. Monthly transfers included by Q2; Q1 taken from contemporaneous Q1 table. Not ordinary-only.",False,False,False,0.0,richmond_q3,8.0,https://richmondvalley.nsw.gov.au/wp-content/uploads/2022/11/Quarterly-Budget-Review-Statement-for-the-quarter-ended-31-March-2022.pdf,observed,641857,richmond_q1,8,https://richmondvalley.nsw.gov.au/wp-content/uploads/2021/11/Quarterly-Budget-Review-Statement-for-the-quarter-ended-30-September-2021.pdf,observed,641857,richmond_q3,8,https://richmondvalley.nsw.gov.au/wp-content/uploads/2022/11/Quarterly-Budget-Review-Statement-for-the-quarter-ended-31-March-2022.pdf,observed,641857,richmond_q3,8,https://richmondvalley.nsw.gov.au/wp-content/uploads/2022/11/Quarterly-Budget-Review-Statement-for-the-quarter-ended-31-March-2022.pdf,observed,,,,,missing_not_reconstructed
richmondvalley,2021,2021-22,richmondvalley:cemeteries,Cemeteries,,analyst_label_key_not_official_project_id,mixed_or_unverified,usable_for_descriptive_budget_only,75331.0,"Q2 is the approved pre-March budget, checked against Q2 attachment p117. Monthly transfers included by Q2; Q1 taken from contemporaneous Q1 table. Not ordinary-only.",False,False,False,60000.0,richmond_q3,8.0,https://richmondvalley.nsw.gov.au/wp-content/uploads/2022/11/Quarterly-Budget-Review-Statement-for-the-quarter-ended-31-March-2022.pdf,observed,135331,richmond_q1,8,https://richmondvalley.nsw.gov.au/wp-content/uploads/2021/11/Quarterly-Budget-Review-Statement-for-the-quarter-ended-30-September-2021.pdf,observed,135331,richmond_q3,8,https://richmondvalley.nsw.gov.au/wp-content/uploads/2022/11/Quarterly-Budget-Review-Statement-for-the-quarter-ended-31-March-2022.pdf,observed,95331,richmond_q3,8,https://richmondvalley.nsw.gov.au/wp-content/uploads/2022/11/Quarterly-Budget-Review-Statement-for-the-quarter-ended-31-March-2022.pdf,observed,,,,,missing_not_reconstructed
richmondvalley,2021,2021-22,richmondvalley:sports_grounds_parks_and_facilities,"Sports Grounds, Parks and Facilities",,analyst_label_key_not_official_project_id,mixed_or_unverified,usable_for_descriptive_budget_only,528799.0,"Q2 is the approved pre-March budget, checked against Q2 attachment p117. Monthly transfers included by Q2; Q1 taken from contemporaneous Q1 table. Not ordinary-only.",False,False,False,6962551.0,richmond_q3,8.0,https://richmondvalley.nsw.gov.au/wp-content/uploads/2022/11/Quarterly-Budget-Review-Statement-for-the-quarter-ended-31-March-2022.pdf,observed,5586350,richmond_q1,8,https://richmondvalley.nsw.gov.au/wp-content/uploads/2021/11/Quarterly-Budget-Review-Statement-for-the-quarter-ended-30-September-2021.pdf,observed,5750192,richmond_q3,8,https://richmondvalley.nsw.gov.au/wp-content/uploads/2022/11/Quarterly-Budget-Review-Statement-for-the-quarter-ended-31-March-2022.pdf,observed,4357063,richmond_q3,8,https://richmondvalley.nsw.gov.au/wp-content/uploads/2022/11/Quarterly-Budget-Review-Statement-for-the-quarter-ended-31-March-2022.pdf,observed,,,,,missing_not_reconstructed
richmondvalley,2021,2021-22,richmondvalley:community_centres_and_halls,Community Centres and Halls,,analyst_label_key_not_official_project_id,mixed_or_unverified,usable_for_descriptive_budget_only,91758.0,"Q2 is the approved pre-March budget, checked against Q2 attachment p117. Monthly transfers included by Q2; Q1 taken from contemporaneous Q1 table. Not ordinary-only.",False,False,False,1514578.0,richmond_q3,8.0,https://richmondvalley.nsw.gov.au/wp-content/uploads/2022/11/Quarterly-Budget-Review-Statement-for-the-quarter-ended-31-March-2022.pdf,observed,1609436,richmond_q1,8,https://richmondvalley.nsw.gov.au/wp-content/uploads/2021/11/Quarterly-Budget-Review-Statement-for-the-quarter-ended-30-September-2021.pdf,observed,1712042,richmond_q3,8,https://richmondvalley.nsw.gov.au/wp-content/uploads/2022/11/Quarterly-Budget-Review-Statement-for-the-quarter-ended-31-March-2022.pdf,observed,1621133,richmond_q3,8,https://richmondvalley.nsw.gov.au/wp-content/uploads/2022/11/Quarterly-Budget-Review-Statement-for-the-quarter-ended-31-March-2022.pdf,observed,,,,,missing_not_reconstructed
richmondvalley,2021,2021-22,richmondvalley:building_and_maintaining_roads,Building and Maintaining Roads,,analyst_label_key_not_official_project_id,mixed_or_unverified,usable_for_descriptive_budget_only,3298937.0,"Q2 is the approved pre-March budget, checked against Q2 attachment p117. Monthly transfers included by Q2; Q1 taken from contemporaneous Q1 table. Not ordinary-only.",False,False,False,10470527.0,richmond_q3,8.0,https://richmondvalley.nsw.gov.au/wp-content/uploads/2022/11/Quarterly-Budget-Review-Statement-for-the-quarter-ended-31-March-2022.pdf,observed,16538610,richmond_q1,8,https://richmondvalley.nsw.gov.au/wp-content/uploads/2021/11/Quarterly-Budget-Review-Statement-for-the-quarter-ended-30-September-2021.pdf,observed,16456392,richmond_q3,8,https://richmondvalley.nsw.gov.au/wp-content/uploads/2022/11/Quarterly-Budget-Review-Statement-for-the-quarter-ended-31-March-2022.pdf,observed,14181440,richmond_q3,8,https://richmondvalley.nsw.gov.au/wp-content/uploads/2022/11/Quarterly-Budget-Review-Statement-for-the-quarter-ended-31-March-2022.pdf,observed,,,,,missing_not_reconstructed
richmondvalley,2021,2021-22,richmondvalley:community_engagement_consultation_communication,"Community Engagement, Consultation & Communication",,analyst_label_key_not_official_project_id,mixed_or_unverified,usable_for_descriptive_budget_only,0.0,"Q2 is the approved pre-March budget, checked against Q2 attachment p117. Monthly transfers included by Q2; Q1 taken from contemporaneous Q1 table. Not ordinary-only.",False,False,False,0.0,richmond_q3,8.0,https://richmondvalley.nsw.gov.au/wp-content/uploads/2022/11/Quarterly-Budget-Review-Statement-for-the-quarter-ended-31-March-2022.pdf,observed,244,richmond_q1,8,https://richmondvalley.nsw.gov.au/wp-content/uploads/2021/11/Quarterly-Budget-Review-Statement-for-the-quarter-ended-30-September-2021.pdf,observed,244,richmond_q3,8,https://richmondvalley.nsw.gov.au/wp-content/uploads/2022/11/Quarterly-Budget-Review-Statement-for-the-quarter-ended-31-March-2022.pdf,observed,244,richmond_q3,8,https://richmondvalley.nsw.gov.au/wp-content/uploads/2022/11/Quarterly-Budget-Review-Statement-for-the-quarter-ended-31-March-2022.pdf,observed,,,,,missing_not_reconstructed
richmondvalley,2021,2021-22,richmondvalley:community_programs_and_grants,Community Programs and Grants,,analyst_label_key_not_official_project_id,mixed_or_unverified,usable_for_descriptive_budget_only,0.0,"Q2 is the approved pre-March budget, checked against Q2 attachment p117. Monthly transfers included by Q2; Q1 taken from contemporaneous Q1 table. Not ordinary-only.",False,False,False,0.0,richmond_q3,8.0,https://richmondvalley.nsw.gov.au/wp-content/uploads/2022/11/Quarterly-Budget-Review-Statement-for-the-quarter-ended-31-March-2022.pdf,observed,0,richmond_q1,8,https://richmondvalley.nsw.gov.au/wp-content/uploads/2021/11/Quarterly-Budget-Review-Statement-for-the-quarter-ended-30-September-2021.pdf,observed,0,richmond_q3,8,https://richmondvalley.nsw.gov.au/wp-content/uploads/2022/11/Quarterly-Budget-Review-Statement-for-the-quarter-ended-31-March-2022.pdf,observed,0,richmond_q3,8,https://richmondvalley.nsw.gov.au/wp-content/uploads/2022/11/Quarterly-Budget-Review-Statement-for-the-quarter-ended-31-March-2022.pdf,observed,,,,,missing_not_reconstructed
richmondvalley,2021,2021-22,richmondvalley:economic_development,Economic Development,,analyst_label_key_not_official_project_id,mixed_or_unverified,usable_for_descriptive_budget_only,0.0,"Q2 is the approved pre-March budget, checked against Q2 attachment p117. Monthly transfers included by Q2; Q1 taken from contemporaneous Q1 table. Not ordinary-only.",False,False,False,0.0,richmond_q3,8.0,https://richmondvalley.nsw.gov.au/wp-content/uploads/2022/11/Quarterly-Budget-Review-Statement-for-the-quarter-ended-31-March-2022.pdf,observed,0,richmond_q1,8,https://richmondvalley.nsw.gov.au/wp-content/uploads/2021/11/Quarterly-Budget-Review-Statement-for-the-quarter-ended-30-September-2021.pdf,observed,0,richmond_q3,8,https://richmondvalley.nsw.gov.au/wp-content/uploads/2022/11/Quarterly-Budget-Review-Statement-for-the-quarter-ended-31-March-2022.pdf,observed,0,richmond_q3,8,https://richmondvalley.nsw.gov.au/wp-content/uploads/2022/11/Quarterly-Budget-Review-Statement-for-the-quarter-ended-31-March-2022.pdf,observed,,,,,missing_not_reconstructed
richmondvalley,2021,2021-22,richmondvalley:tourism,Tourism,,analyst_label_key_not_official_project_id,mixed_or_unverified,usable_for_descriptive_budget_only,26725.0,"Q2 is the approved pre-March budget, checked against Q2 attachment p117. Monthly transfers included by Q2; Q1 taken from contemporaneous Q1 table. Not ordinary-only.",False,False,False,459330.0,richmond_q3,8.0,https://richmondvalley.nsw.gov.au/wp-content/uploads/2022/11/Quarterly-Budget-Review-Statement-for-the-quarter-ended-31-March-2022.pdf,observed,472052,richmond_q1,8,https://richmondvalley.nsw.gov.au/wp-content/uploads/2021/11/Quarterly-Budget-Review-Statement-for-the-quarter-ended-30-September-2021.pdf,observed,472052,richmond_q3,8,https://richmondvalley.nsw.gov.au/wp-content/uploads/2022/11/Quarterly-Budget-Review-Statement-for-the-quarter-ended-31-March-2022.pdf,observed,472052,richmond_q3,8,https://richmondvalley.nsw.gov.au/wp-content/uploads/2022/11/Quarterly-Budget-Review-Statement-for-the-quarter-ended-31-March-2022.pdf,observed,,,,,missing_not_reconstructed
richmondvalley,2021,2021-22,richmondvalley:town_planning_development_services,Town Planning & Development Services,,analyst_label_key_not_official_project_id,mixed_or_unverified,usable_for_descriptive_budget_only,0.0,"Q2 is the approved pre-March budget, checked against Q2 attachment p117. Monthly transfers included by Q2; Q1 taken from contemporaneous Q1 table. Not ordinary-only.",False,False,False,0.0,richmond_q3,8.0,https://richmondvalley.nsw.gov.au/wp-content/uploads/2022/11/Quarterly-Budget-Review-Statement-for-the-quarter-ended-31-March-2022.pdf,observed,0,richmond_q1,8,https://richmondvalley.nsw.gov.au/wp-content/uploads/2021/11/Quarterly-Budget-Review-Statement-for-the-quarter-ended-30-September-2021.pdf,observed,0,richmond_q3,8,https://richmondvalley.nsw.gov.au/wp-content/uploads/2022/11/Quarterly-Budget-Review-Statement-for-the-quarter-ended-31-March-2022.pdf,observed,418,richmond_q3,8,https://richmondvalley.nsw.gov.au/wp-content/uploads/2022/11/Quarterly-Budget-Review-Statement-for-the-quarter-ended-31-March-2022.pdf,observed,,,,,missing_not_reconstructed
richmondvalley,2021,2021-22,richmondvalley:quarries,Quarries,,analyst_label_key_not_official_project_id,mixed_or_unverified,usable_for_descriptive_budget_only,0.0,"Q2 is the approved pre-March budget, checked against Q2 attachment p117. Monthly transfers included by Q2; Q1 taken from contemporaneous Q1 table. Not ordinary-only.",False,False,False,0.0,richmond_q3,8.0,https://richmondvalley.nsw.gov.au/wp-content/uploads/2022/11/Quarterly-Budget-Review-Statement-for-the-quarter-ended-31-March-2022.pdf,observed,0,richmond_q1,8,https://richmondvalley.nsw.gov.au/wp-content/uploads/2021/11/Quarterly-Budget-Review-Statement-for-the-quarter-ended-30-September-2021.pdf,observed,0,richmond_q3,8,https://richmondvalley.nsw.gov.au/wp-content/uploads/2022/11/Quarterly-Budget-Review-Statement-for-the-quarter-ended-31-March-2022.pdf,observed,0,richmond_q3,8,https://richmondvalley.nsw.gov.au/wp-content/uploads/2022/11/Quarterly-Budget-Review-Statement-for-the-quarter-ended-31-March-2022.pdf,observed,,,,,missing_not_reconstructed
richmondvalley,2021,2021-22,richmondvalley:northern_rivers_livestock_exchange,Northern Rivers Livestock Exchange,,analyst_label_key_not_official_project_id,mixed_or_unverified,usable_for_descriptive_budget_only,0.0,"Q2 is the approved pre-March budget, checked against Q2 attachment p117. Monthly transfers included by Q2; Q1 taken from contemporaneous Q1 table. Not ordinary-only.",False,False,False,70000.0,richmond_q3,8.0,https://richmondvalley.nsw.gov.au/wp-content/uploads/2022/11/Quarterly-Budget-Review-Statement-for-the-quarter-ended-31-March-2022.pdf,observed,70000,richmond_q1,8,https://richmondvalley.nsw.gov.au/wp-content/uploads/2021/11/Quarterly-Budget-Review-Statement-for-the-quarter-ended-30-September-2021.pdf,observed,80600,richmond_q3,8,https://richmondvalley.nsw.gov.au/wp-content/uploads/2022/11/Quarterly-Budget-Review-Statement-for-the-quarter-ended-31-March-2022.pdf,observed,80600,richmond_q3,8,https://richmondvalley.nsw.gov.au/wp-content/uploads/2022/11/Quarterly-Budget-Review-Statement-for-the-quarter-ended-31-March-2022.pdf,observed,,,,,missing_not_reconstructed
richmondvalley,2021,2021-22,richmondvalley:private_works,Private Works,,analyst_label_key_not_official_project_id,mixed_or_unverified,usable_for_descriptive_budget_only,0.0,"Q2 is the approved pre-March budget, checked against Q2 attachment p117. Monthly transfers included by Q2; Q1 taken from contemporaneous Q1 table. Not ordinary-only.",False,False,False,0.0,richmond_q3,8.0,https://richmondvalley.nsw.gov.au/wp-content/uploads/2022/11/Quarterly-Budget-Review-Statement-for-the-quarter-ended-31-March-2022.pdf,observed,0,richmond_q1,8,https://richmondvalley.nsw.gov.au/wp-content/uploads/2021/11/Quarterly-Budget-Review-Statement-for-the-quarter-ended-30-September-2021.pdf,observed,0,richmond_q3,8,https://richmondvalley.nsw.gov.au/wp-content/uploads/2022/11/Quarterly-Budget-Review-Statement-for-the-quarter-ended-31-March-2022.pdf,observed,0,richmond_q3,8,https://richmondvalley.nsw.gov.au/wp-content/uploads/2022/11/Quarterly-Budget-Review-Statement-for-the-quarter-ended-31-March-2022.pdf,observed,,,,,missing_not_reconstructed
richmondvalley,2021,2021-22,richmondvalley:real_estate_development,Real Estate Development,,analyst_label_key_not_official_project_id,mixed_or_unverified,usable_for_descriptive_budget_only,0.0,"Q2 is the approved pre-March budget, checked against Q2 attachment p117. Monthly transfers included by Q2; Q1 taken from contemporaneous Q1 table. Not ordinary-only.",False,False,False,3190688.0,richmond_q3,8.0,https://richmondvalley.nsw.gov.au/wp-content/uploads/2022/11/Quarterly-Budget-Review-Statement-for-the-quarter-ended-31-March-2022.pdf,observed,2905688,richmond_q1,8,https://richmondvalley.nsw.gov.au/wp-content/uploads/2021/11/Quarterly-Budget-Review-Statement-for-the-quarter-ended-30-September-2021.pdf,observed,2905688,richmond_q3,8,https://richmondvalley.nsw.gov.au/wp-content/uploads/2022/11/Quarterly-Budget-Review-Statement-for-the-quarter-ended-31-March-2022.pdf,observed,2562774,richmond_q3,8,https://richmondvalley.nsw.gov.au/wp-content/uploads/2022/11/Quarterly-Budget-Review-Statement-for-the-quarter-ended-31-March-2022.pdf,observed,,,,,missing_not_reconstructed
richmondvalley,2021,2021-22,richmondvalley:waste_management,Waste Management,,analyst_label_key_not_official_project_id,mixed_or_unverified,usable_for_descriptive_budget_only,6679.0,"Q2 is the approved pre-March budget, checked against Q2 attachment p117. Monthly transfers included by Q2; Q1 taken from contemporaneous Q1 table. Not ordinary-only.",False,False,False,7557960.0,richmond_q3,8.0,https://richmondvalley.nsw.gov.au/wp-content/uploads/2022/11/Quarterly-Budget-Review-Statement-for-the-quarter-ended-31-March-2022.pdf,observed,4758679,richmond_q1,8,https://richmondvalley.nsw.gov.au/wp-content/uploads/2021/11/Quarterly-Budget-Review-Statement-for-the-quarter-ended-30-September-2021.pdf,observed,3303679,richmond_q3,8,https://richmondvalley.nsw.gov.au/wp-content/uploads/2022/11/Quarterly-Budget-Review-Statement-for-the-quarter-ended-31-March-2022.pdf,observed,2198679,richmond_q3,8,https://richmondvalley.nsw.gov.au/wp-content/uploads/2022/11/Quarterly-Budget-Review-Statement-for-the-quarter-ended-31-March-2022.pdf,observed,,,,,missing_not_reconstructed
richmondvalley,2021,2021-22,richmondvalley:stormwater_management,Stormwater Management,,analyst_label_key_not_official_project_id,mixed_or_unverified,usable_for_descriptive_budget_only,38374.0,"Q2 is the approved pre-March budget, checked against Q2 attachment p117. Monthly transfers included by Q2; Q1 taken from contemporaneous Q1 table. Not ordinary-only.",False,False,False,374985.0,richmond_q3,8.0,https://richmondvalley.nsw.gov.au/wp-content/uploads/2022/11/Quarterly-Budget-Review-Statement-for-the-quarter-ended-31-March-2022.pdf,observed,413359,richmond_q1,8,https://richmondvalley.nsw.gov.au/wp-content/uploads/2021/11/Quarterly-Budget-Review-Statement-for-the-quarter-ended-30-September-2021.pdf,observed,103359,richmond_q3,8,https://richmondvalley.nsw.gov.au/wp-content/uploads/2022/11/Quarterly-Budget-Review-Statement-for-the-quarter-ended-31-March-2022.pdf,observed,6023,richmond_q3,8,https://richmondvalley.nsw.gov.au/wp-content/uploads/2022/11/Quarterly-Budget-Review-Statement-for-the-quarter-ended-31-March-2022.pdf,observed,,,,,missing_not_reconstructed
richmondvalley,2021,2021-22,richmondvalley:water_supplies,Water Supplies,,analyst_label_key_not_official_project_id,mixed_or_unverified,usable_for_descriptive_budget_only,336980.0,"Q2 is the approved pre-March budget, checked against Q2 attachment p117. Monthly transfers included by Q2; Q1 taken from contemporaneous Q1 table. Not ordinary-only.",False,False,False,2685804.0,richmond_q3,8.0,https://richmondvalley.nsw.gov.au/wp-content/uploads/2022/11/Quarterly-Budget-Review-Statement-for-the-quarter-ended-31-March-2022.pdf,observed,3219328,richmond_q1,8,https://richmondvalley.nsw.gov.au/wp-content/uploads/2021/11/Quarterly-Budget-Review-Statement-for-the-quarter-ended-30-September-2021.pdf,observed,2553458,richmond_q3,8,https://richmondvalley.nsw.gov.au/wp-content/uploads/2022/11/Quarterly-Budget-Review-Statement-for-the-quarter-ended-31-March-2022.pdf,observed,2583556,richmond_q3,8,https://richmondvalley.nsw.gov.au/wp-content/uploads/2022/11/Quarterly-Budget-Review-Statement-for-the-quarter-ended-31-March-2022.pdf,observed,,,,,missing_not_reconstructed
richmondvalley,2021,2021-22,richmondvalley:sewerage_services,Sewerage Services,,analyst_label_key_not_official_project_id,mixed_or_unverified,usable_for_descriptive_budget_only,198856.0,"Q2 is the approved pre-March budget, checked against Q2 attachment p117. Monthly transfers included by Q2; Q1 taken from contemporaneous Q1 table. Not ordinary-only.",False,False,False,4188729.0,richmond_q3,8.0,https://richmondvalley.nsw.gov.au/wp-content/uploads/2022/11/Quarterly-Budget-Review-Statement-for-the-quarter-ended-31-March-2022.pdf,observed,4211585,richmond_q1,8,https://richmondvalley.nsw.gov.au/wp-content/uploads/2021/11/Quarterly-Budget-Review-Statement-for-the-quarter-ended-30-September-2021.pdf,observed,2545091,richmond_q3,8,https://richmondvalley.nsw.gov.au/wp-content/uploads/2022/11/Quarterly-Budget-Review-Statement-for-the-quarter-ended-31-March-2022.pdf,observed,2327429,richmond_q3,8,https://richmondvalley.nsw.gov.au/wp-content/uploads/2022/11/Quarterly-Budget-Review-Statement-for-the-quarter-ended-31-March-2022.pdf,observed,,,,,missing_not_reconstructed
richmondvalley,2021,2021-22,richmondvalley:environmental_health,Environmental Health,,analyst_label_key_not_official_project_id,mixed_or_unverified,usable_for_descriptive_budget_only,0.0,"Q2 is the approved pre-March budget, checked against Q2 attachment p117. Monthly transfers included by Q2; Q1 taken from contemporaneous Q1 table. Not ordinary-only.",False,False,False,0.0,richmond_q3,8.0,https://richmondvalley.nsw.gov.au/wp-content/uploads/2022/11/Quarterly-Budget-Review-Statement-for-the-quarter-ended-31-March-2022.pdf,observed,0,richmond_q1,8,https://richmondvalley.nsw.gov.au/wp-content/uploads/2021/11/Quarterly-Budget-Review-Statement-for-the-quarter-ended-30-September-2021.pdf,observed,0,richmond_q3,8,https://richmondvalley.nsw.gov.au/wp-content/uploads/2022/11/Quarterly-Budget-Review-Statement-for-the-quarter-ended-31-March-2022.pdf,observed,0,richmond_q3,8,https://richmondvalley.nsw.gov.au/wp-content/uploads/2022/11/Quarterly-Budget-Review-Statement-for-the-quarter-ended-31-March-2022.pdf,observed,,,,,missing_not_reconstructed
richmondvalley,2021,2021-22,richmondvalley:environmental_management,Environmental Management,,analyst_label_key_not_official_project_id,mixed_or_unverified,usable_for_descriptive_budget_only,0.0,"Q2 is the approved pre-March budget, checked against Q2 attachment p117. Monthly transfers included by Q2; Q1 taken from contemporaneous Q1 table. Not ordinary-only.",False,False,False,0.0,richmond_q3,8.0,https://richmondvalley.nsw.gov.au/wp-content/uploads/2022/11/Quarterly-Budget-Review-Statement-for-the-quarter-ended-31-March-2022.pdf,observed,545,richmond_q1,8,https://richmondvalley.nsw.gov.au/wp-content/uploads/2021/11/Quarterly-Budget-Review-Statement-for-the-quarter-ended-30-September-2021.pdf,observed,545,richmond_q3,8,https://richmondvalley.nsw.gov.au/wp-content/uploads/2022/11/Quarterly-Budget-Review-Statement-for-the-quarter-ended-31-March-2022.pdf,observed,545,richmond_q3,8,https://richmondvalley.nsw.gov.au/wp-content/uploads/2022/11/Quarterly-Budget-Review-Statement-for-the-quarter-ended-31-March-2022.pdf,observed,,,,,missing_not_reconstructed
richmondvalley,2021,2021-22,richmondvalley:governance_advocacy,Governance & Advocacy,,analyst_label_key_not_official_project_id,mixed_or_unverified,usable_for_descriptive_budget_only,0.0,"Q2 is the approved pre-March budget, checked against Q2 attachment p117. Monthly transfers included by Q2; Q1 taken from contemporaneous Q1 table. Not ordinary-only.",False,False,False,0.0,richmond_q3,8.0,https://richmondvalley.nsw.gov.au/wp-content/uploads/2022/11/Quarterly-Budget-Review-Statement-for-the-quarter-ended-31-March-2022.pdf,observed,1143,richmond_q1,8,https://richmondvalley.nsw.gov.au/wp-content/uploads/2021/11/Quarterly-Budget-Review-Statement-for-the-quarter-ended-30-September-2021.pdf,observed,1572,richmond_q3,8,https://richmondvalley.nsw.gov.au/wp-content/uploads/2022/11/Quarterly-Budget-Review-Statement-for-the-quarter-ended-31-March-2022.pdf,observed,2499,richmond_q3,8,https://richmondvalley.nsw.gov.au/wp-content/uploads/2022/11/Quarterly-Budget-Review-Statement-for-the-quarter-ended-31-March-2022.pdf,observed,,,,,missing_not_reconstructed
richmondvalley,2021,2021-22,richmondvalley:customer_service,Customer Service,,analyst_label_key_not_official_project_id,mixed_or_unverified,usable_for_descriptive_budget_only,0.0,"Q2 is the approved pre-March budget, checked against Q2 attachment p117. Monthly transfers included by Q2; Q1 taken from contemporaneous Q1 table. Not ordinary-only.",False,False,False,10000.0,richmond_q3,8.0,https://richmondvalley.nsw.gov.au/wp-content/uploads/2022/11/Quarterly-Budget-Review-Statement-for-the-quarter-ended-31-March-2022.pdf,observed,7707,richmond_q1,8,https://richmondvalley.nsw.gov.au/wp-content/uploads/2021/11/Quarterly-Budget-Review-Statement-for-the-quarter-ended-30-September-2021.pdf,observed,20388,richmond_q3,8,https://richmondvalley.nsw.gov.au/wp-content/uploads/2022/11/Quarterly-Budget-Review-Statement-for-the-quarter-ended-31-March-2022.pdf,observed,21220,richmond_q3,8,https://richmondvalley.nsw.gov.au/wp-content/uploads/2022/11/Quarterly-Budget-Review-Statement-for-the-quarter-ended-31-March-2022.pdf,observed,,,,,missing_not_reconstructed
richmondvalley,2021,2021-22,richmondvalley:information_technology_services,Information Technology Services,,analyst_label_key_not_official_project_id,mixed_or_unverified,usable_for_descriptive_budget_only,0.0,"Q2 is the approved pre-March budget, checked against Q2 attachment p117. Monthly transfers included by Q2; Q1 taken from contemporaneous Q1 table. Not ordinary-only.",False,False,False,0.0,richmond_q3,8.0,https://richmondvalley.nsw.gov.au/wp-content/uploads/2022/11/Quarterly-Budget-Review-Statement-for-the-quarter-ended-31-March-2022.pdf,observed,361,richmond_q1,8,https://richmondvalley.nsw.gov.au/wp-content/uploads/2021/11/Quarterly-Budget-Review-Statement-for-the-quarter-ended-30-September-2021.pdf,observed,361,richmond_q3,8,https://richmondvalley.nsw.gov.au/wp-content/uploads/2022/11/Quarterly-Budget-Review-Statement-for-the-quarter-ended-31-March-2022.pdf,observed,361,richmond_q3,8,https://richmondvalley.nsw.gov.au/wp-content/uploads/2022/11/Quarterly-Budget-Review-Statement-for-the-quarter-ended-31-March-2022.pdf,observed,,,,,missing_not_reconstructed
richmondvalley,2021,2021-22,richmondvalley:people_culture,People & Culture,,analyst_label_key_not_official_project_id,mixed_or_unverified,usable_for_descriptive_budget_only,0.0,"Q2 is the approved pre-March budget, checked against Q2 attachment p117. Monthly transfers included by Q2; Q1 taken from contemporaneous Q1 table. Not ordinary-only.",False,False,False,0.0,richmond_q3,8.0,https://richmondvalley.nsw.gov.au/wp-content/uploads/2022/11/Quarterly-Budget-Review-Statement-for-the-quarter-ended-31-March-2022.pdf,observed,0,richmond_q1,8,https://richmondvalley.nsw.gov.au/wp-content/uploads/2021/11/Quarterly-Budget-Review-Statement-for-the-quarter-ended-30-September-2021.pdf,observed,0,richmond_q3,8,https://richmondvalley.nsw.gov.au/wp-content/uploads/2022/11/Quarterly-Budget-Review-Statement-for-the-quarter-ended-31-March-2022.pdf,observed,418,richmond_q3,8,https://richmondvalley.nsw.gov.au/wp-content/uploads/2022/11/Quarterly-Budget-Review-Statement-for-the-quarter-ended-31-March-2022.pdf,observed,,,,,missing_not_reconstructed
richmondvalley,2021,2021-22,richmondvalley:work_health_safety,"Work, Health & Safety",,analyst_label_key_not_official_project_id,mixed_or_unverified,usable_for_descriptive_budget_only,0.0,"Q2 is the approved pre-March budget, checked against Q2 attachment p117. Monthly transfers included by Q2; Q1 taken from contemporaneous Q1 table. Not ordinary-only.",False,False,False,0.0,richmond_q3,8.0,https://richmondvalley.nsw.gov.au/wp-content/uploads/2022/11/Quarterly-Budget-Review-Statement-for-the-quarter-ended-31-March-2022.pdf,observed,0,richmond_q1,8,https://richmondvalley.nsw.gov.au/wp-content/uploads/2021/11/Quarterly-Budget-Review-Statement-for-the-quarter-ended-30-September-2021.pdf,observed,0,richmond_q3,8,https://richmondvalley.nsw.gov.au/wp-content/uploads/2022/11/Quarterly-Budget-Review-Statement-for-the-quarter-ended-31-March-2022.pdf,observed,0,richmond_q3,8,https://richmondvalley.nsw.gov.au/wp-content/uploads/2022/11/Quarterly-Budget-Review-Statement-for-the-quarter-ended-31-March-2022.pdf,observed,,,,,missing_not_reconstructed
richmondvalley,2021,2021-22,richmondvalley:financial_services,Financial Services,,analyst_label_key_not_official_project_id,mixed_or_unverified,usable_for_descriptive_budget_only,0.0,"Q2 is the approved pre-March budget, checked against Q2 attachment p117. Monthly transfers included by Q2; Q1 taken from contemporaneous Q1 table. Not ordinary-only.",False,False,False,0.0,richmond_q3,8.0,https://richmondvalley.nsw.gov.au/wp-content/uploads/2022/11/Quarterly-Budget-Review-Statement-for-the-quarter-ended-31-March-2022.pdf,observed,0,richmond_q1,8,https://richmondvalley.nsw.gov.au/wp-content/uploads/2021/11/Quarterly-Budget-Review-Statement-for-the-quarter-ended-30-September-2021.pdf,observed,0,richmond_q3,8,https://richmondvalley.nsw.gov.au/wp-content/uploads/2022/11/Quarterly-Budget-Review-Statement-for-the-quarter-ended-31-March-2022.pdf,observed,0,richmond_q3,8,https://richmondvalley.nsw.gov.au/wp-content/uploads/2022/11/Quarterly-Budget-Review-Statement-for-the-quarter-ended-31-March-2022.pdf,observed,,,,,missing_not_reconstructed
richmondvalley,2021,2021-22,richmondvalley:engineering_support_asset_management,Engineering Support & Asset Management,,analyst_label_key_not_official_project_id,mixed_or_unverified,usable_for_descriptive_budget_only,166415.0,"Q2 is the approved pre-March budget, checked against Q2 attachment p117. Monthly transfers included by Q2; Q1 taken from contemporaneous Q1 table. Not ordinary-only.",False,False,False,105000.0,richmond_q3,8.0,https://richmondvalley.nsw.gov.au/wp-content/uploads/2022/11/Quarterly-Budget-Review-Statement-for-the-quarter-ended-31-March-2022.pdf,observed,271415,richmond_q1,8,https://richmondvalley.nsw.gov.au/wp-content/uploads/2021/11/Quarterly-Budget-Review-Statement-for-the-quarter-ended-30-September-2021.pdf,observed,273915,richmond_q3,8,https://richmondvalley.nsw.gov.au/wp-content/uploads/2022/11/Quarterly-Budget-Review-Statement-for-the-quarter-ended-31-March-2022.pdf,observed,203497,richmond_q3,8,https://richmondvalley.nsw.gov.au/wp-content/uploads/2022/11/Quarterly-Budget-Review-Statement-for-the-quarter-ended-31-March-2022.pdf,observed,,,,,missing_not_reconstructed
richmondvalley,2021,2021-22,richmondvalley:fleet_management,Fleet Management,,analyst_label_key_not_official_project_id,mixed_or_unverified,usable_for_descriptive_budget_only,46500.0,"Q2 is the approved pre-March budget, checked against Q2 attachment p117. Monthly transfers included by Q2; Q1 taken from contemporaneous Q1 table. Not ordinary-only.",False,False,False,3039071.0,richmond_q3,8.0,https://richmondvalley.nsw.gov.au/wp-content/uploads/2022/11/Quarterly-Budget-Review-Statement-for-the-quarter-ended-31-March-2022.pdf,observed,3085571,richmond_q1,8,https://richmondvalley.nsw.gov.au/wp-content/uploads/2021/11/Quarterly-Budget-Review-Statement-for-the-quarter-ended-30-September-2021.pdf,observed,3115421,richmond_q3,8,https://richmondvalley.nsw.gov.au/wp-content/uploads/2022/11/Quarterly-Budget-Review-Statement-for-the-quarter-ended-31-March-2022.pdf,observed,3108918,richmond_q3,8,https://richmondvalley.nsw.gov.au/wp-content/uploads/2022/11/Quarterly-Budget-Review-Statement-for-the-quarter-ended-31-March-2022.pdf,observed,,,,,missing_not_reconstructed
richmondvalley,2021,2021-22,richmondvalley:total_capital_expenditure,Total Capital Expenditure,,analyst_label_key_not_official_project_id,mixed_or_unverified,usable_for_descriptive_budget_only,5357563.0,"Q2 is the approved pre-March budget, checked against Q2 attachment p117. Monthly transfers included by Q2; Q1 taken from contemporaneous Q1 table. Not ordinary-only.",False,False,False,46880556.0,richmond_q3,8.0,https://richmondvalley.nsw.gov.au/wp-content/uploads/2022/11/Quarterly-Budget-Review-Statement-for-the-quarter-ended-31-March-2022.pdf,observed,49339614,richmond_q1,8,https://richmondvalley.nsw.gov.au/wp-content/uploads/2021/11/Quarterly-Budget-Review-Statement-for-the-quarter-ended-30-September-2021.pdf,observed,45706468,richmond_q3,8,https://richmondvalley.nsw.gov.au/wp-content/uploads/2022/11/Quarterly-Budget-Review-Statement-for-the-quarter-ended-31-March-2022.pdf,observed,38584669,richmond_q3,8,https://richmondvalley.nsw.gov.au/wp-content/uploads/2022/11/Quarterly-Budget-Review-Statement-for-the-quarter-ended-31-March-2022.pdf,observed,,,,,missing_not_reconstructed
eurobodalla,2019,2019-20,eurobodalla:business_development,Business Development,BD,source_code,mixed_or_unverified,usable_for_descriptive_budget_only,260196.0,Approved prior changes reconstructed from Q3 table. Q3 is proposed; May resolution not retrieved. Web PDF text available; direct download 403; screenshot cache miss. YTD is not year-end.,False,False,False,1990000.0,euro_cap_q3,3.0,https://www.esc.nsw.gov.au/__data/assets/pdf_file/0020/160418/Quarterly-Budget-Review-attachment.pdf,observed,2250196,euro_cap_q3,3,https://www.esc.nsw.gov.au/__data/assets/pdf_file/0020/160418/Quarterly-Budget-Review-attachment.pdf,observed,600000,euro_cap_q3,3,https://www.esc.nsw.gov.au/__data/assets/pdf_file/0020/160418/Quarterly-Budget-Review-attachment.pdf,observed,600000,euro_cap_q3,3,https://www.esc.nsw.gov.au/__data/assets/pdf_file/0020/160418/Quarterly-Budget-Review-attachment.pdf,observed,,,,,missing_not_reconstructed
eurobodalla,2019,2019-20,eurobodalla:commercial_entities,Commercial Entities,CE,source_code,mixed_or_unverified,usable_for_descriptive_budget_only,431755.0,Approved prior changes reconstructed from Q3 table. Q3 is proposed; May resolution not retrieved. Web PDF text available; direct download 403; screenshot cache miss. YTD is not year-end.,False,False,False,4704415.0,euro_cap_q3,3.0,https://www.esc.nsw.gov.au/__data/assets/pdf_file/0020/160418/Quarterly-Budget-Review-attachment.pdf,observed,4881470,euro_cap_q3,3,https://www.esc.nsw.gov.au/__data/assets/pdf_file/0020/160418/Quarterly-Budget-Review-attachment.pdf,observed,4913316,euro_cap_q3,3,https://www.esc.nsw.gov.au/__data/assets/pdf_file/0020/160418/Quarterly-Budget-Review-attachment.pdf,observed,2613316,euro_cap_q3,3,https://www.esc.nsw.gov.au/__data/assets/pdf_file/0020/160418/Quarterly-Budget-Review-attachment.pdf,observed,,,,,missing_not_reconstructed
eurobodalla,2019,2019-20,eurobodalla:community_cultural_development,Community & Cultural Development,CCD,source_code,mixed_or_unverified,usable_for_descriptive_budget_only,57119.0,Approved prior changes reconstructed from Q3 table. Q3 is proposed; May resolution not retrieved. Web PDF text available; direct download 403; screenshot cache miss. YTD is not year-end.,False,False,False,8120.0,euro_cap_q3,3.0,https://www.esc.nsw.gov.au/__data/assets/pdf_file/0020/160418/Quarterly-Budget-Review-attachment.pdf,observed,25239,euro_cap_q3,3,https://www.esc.nsw.gov.au/__data/assets/pdf_file/0020/160418/Quarterly-Budget-Review-attachment.pdf,observed,25239,euro_cap_q3,3,https://www.esc.nsw.gov.au/__data/assets/pdf_file/0020/160418/Quarterly-Budget-Review-attachment.pdf,observed,25239,euro_cap_q3,3,https://www.esc.nsw.gov.au/__data/assets/pdf_file/0020/160418/Quarterly-Budget-Review-attachment.pdf,observed,,,,,missing_not_reconstructed
eurobodalla,2019,2019-20,eurobodalla:community_care,Community Care,CC,source_code,mixed_or_unverified,usable_for_descriptive_budget_only,0.0,Approved prior changes reconstructed from Q3 table. Q3 is proposed; May resolution not retrieved. Web PDF text available; direct download 403; screenshot cache miss. YTD is not year-end.,False,False,False,0.0,euro_cap_q3,3.0,https://www.esc.nsw.gov.au/__data/assets/pdf_file/0020/160418/Quarterly-Budget-Review-attachment.pdf,observed,0,euro_cap_q3,3,https://www.esc.nsw.gov.au/__data/assets/pdf_file/0020/160418/Quarterly-Budget-Review-attachment.pdf,observed,0,euro_cap_q3,3,https://www.esc.nsw.gov.au/__data/assets/pdf_file/0020/160418/Quarterly-Budget-Review-attachment.pdf,observed,0,euro_cap_q3,3,https://www.esc.nsw.gov.au/__data/assets/pdf_file/0020/160418/Quarterly-Budget-Review-attachment.pdf,observed,,,,,missing_not_reconstructed
eurobodalla,2019,2019-20,eurobodalla:community_facilities,Community Facilities,CF,source_code,mixed_or_unverified,usable_for_descriptive_budget_only,13043.0,Approved prior changes reconstructed from Q3 table. Q3 is proposed; May resolution not retrieved. Web PDF text available; direct download 403; screenshot cache miss. YTD is not year-end.,False,False,False,391090.0,euro_cap_q3,3.0,https://www.esc.nsw.gov.au/__data/assets/pdf_file/0020/160418/Quarterly-Budget-Review-attachment.pdf,observed,133923,euro_cap_q3,3,https://www.esc.nsw.gov.au/__data/assets/pdf_file/0020/160418/Quarterly-Budget-Review-attachment.pdf,observed,143923,euro_cap_q3,3,https://www.esc.nsw.gov.au/__data/assets/pdf_file/0020/160418/Quarterly-Budget-Review-attachment.pdf,observed,198923,euro_cap_q3,3,https://www.esc.nsw.gov.au/__data/assets/pdf_file/0020/160418/Quarterly-Budget-Review-attachment.pdf,observed,,,,,missing_not_reconstructed
eurobodalla,2019,2019-20,eurobodalla:environmental_management,Environmental Management,EM,source_code,mixed_or_unverified,usable_for_descriptive_budget_only,54140.0,Approved prior changes reconstructed from Q3 table. Q3 is proposed; May resolution not retrieved. Web PDF text available; direct download 403; screenshot cache miss. YTD is not year-end.,False,False,False,0.0,euro_cap_q3,3.0,https://www.esc.nsw.gov.au/__data/assets/pdf_file/0020/160418/Quarterly-Budget-Review-attachment.pdf,observed,54140,euro_cap_q3,3,https://www.esc.nsw.gov.au/__data/assets/pdf_file/0020/160418/Quarterly-Budget-Review-attachment.pdf,observed,54140,euro_cap_q3,3,https://www.esc.nsw.gov.au/__data/assets/pdf_file/0020/160418/Quarterly-Budget-Review-attachment.pdf,observed,54140,euro_cap_q3,3,https://www.esc.nsw.gov.au/__data/assets/pdf_file/0020/160418/Quarterly-Budget-Review-attachment.pdf,observed,,,,,missing_not_reconstructed
eurobodalla,2019,2019-20,eurobodalla:finance_and_central_treasury,Finance and Central Treasury,FCT,source_code,mixed_or_unverified,usable_for_descriptive_budget_only,0.0,Approved prior changes reconstructed from Q3 table. Q3 is proposed; May resolution not retrieved. Web PDF text available; direct download 403; screenshot cache miss. YTD is not year-end.,False,False,False,512895.0,euro_cap_q3,3.0,https://www.esc.nsw.gov.au/__data/assets/pdf_file/0020/160418/Quarterly-Budget-Review-attachment.pdf,observed,0,euro_cap_q3,3,https://www.esc.nsw.gov.au/__data/assets/pdf_file/0020/160418/Quarterly-Budget-Review-attachment.pdf,observed,0,euro_cap_q3,3,https://www.esc.nsw.gov.au/__data/assets/pdf_file/0020/160418/Quarterly-Budget-Review-attachment.pdf,observed,0,euro_cap_q3,3,https://www.esc.nsw.gov.au/__data/assets/pdf_file/0020/160418/Quarterly-Budget-Review-attachment.pdf,observed,,,,,missing_not_reconstructed
eurobodalla,2019,2019-20,eurobodalla:fleet_and_plant,Fleet and Plant,FP,source_code,mixed_or_unverified,usable_for_descriptive_budget_only,299174.0,Approved prior changes reconstructed from Q3 table. Q3 is proposed; May resolution not retrieved. Web PDF text available; direct download 403; screenshot cache miss. YTD is not year-end.,False,False,False,3272895.0,euro_cap_q3,3.0,https://www.esc.nsw.gov.au/__data/assets/pdf_file/0020/160418/Quarterly-Budget-Review-attachment.pdf,observed,3714341,euro_cap_q3,3,https://www.esc.nsw.gov.au/__data/assets/pdf_file/0020/160418/Quarterly-Budget-Review-attachment.pdf,observed,3499341,euro_cap_q3,3,https://www.esc.nsw.gov.au/__data/assets/pdf_file/0020/160418/Quarterly-Budget-Review-attachment.pdf,observed,3503341,euro_cap_q3,3,https://www.esc.nsw.gov.au/__data/assets/pdf_file/0020/160418/Quarterly-Budget-Review-attachment.pdf,observed,,,,,missing_not_reconstructed
eurobodalla,2019,2019-20,eurobodalla:information_technology,Information Technology,IT,source_code,mixed_or_unverified,usable_for_descriptive_budget_only,0.0,Approved prior changes reconstructed from Q3 table. Q3 is proposed; May resolution not retrieved. Web PDF text available; direct download 403; screenshot cache miss. YTD is not year-end.,False,False,False,755983.0,euro_cap_q3,3.0,https://www.esc.nsw.gov.au/__data/assets/pdf_file/0020/160418/Quarterly-Budget-Review-attachment.pdf,observed,1485983,euro_cap_q3,3,https://www.esc.nsw.gov.au/__data/assets/pdf_file/0020/160418/Quarterly-Budget-Review-attachment.pdf,observed,1485983,euro_cap_q3,3,https://www.esc.nsw.gov.au/__data/assets/pdf_file/0020/160418/Quarterly-Budget-Review-attachment.pdf,observed,1485983,euro_cap_q3,3,https://www.esc.nsw.gov.au/__data/assets/pdf_file/0020/160418/Quarterly-Budget-Review-attachment.pdf,observed,,,,,missing_not_reconstructed
eurobodalla,2019,2019-20,eurobodalla:libraries,Libraries,L,source_code,mixed_or_unverified,usable_for_descriptive_budget_only,50969.0,Approved prior changes reconstructed from Q3 table. Q3 is proposed; May resolution not retrieved. Web PDF text available; direct download 403; screenshot cache miss. YTD is not year-end.,False,False,False,176049.0,euro_cap_q3,3.0,https://www.esc.nsw.gov.au/__data/assets/pdf_file/0020/160418/Quarterly-Budget-Review-attachment.pdf,observed,227018,euro_cap_q3,3,https://www.esc.nsw.gov.au/__data/assets/pdf_file/0020/160418/Quarterly-Budget-Review-attachment.pdf,observed,227018,euro_cap_q3,3,https://www.esc.nsw.gov.au/__data/assets/pdf_file/0020/160418/Quarterly-Budget-Review-attachment.pdf,observed,227018,euro_cap_q3,3,https://www.esc.nsw.gov.au/__data/assets/pdf_file/0020/160418/Quarterly-Budget-Review-attachment.pdf,observed,,,,,missing_not_reconstructed
eurobodalla,2019,2019-20,eurobodalla:property,Property,P,source_code,mixed_or_unverified,usable_for_descriptive_budget_only,0.0,Approved prior changes reconstructed from Q3 table. Q3 is proposed; May resolution not retrieved. Web PDF text available; direct download 403; screenshot cache miss. YTD is not year-end.,False,False,False,0.0,euro_cap_q3,3.0,https://www.esc.nsw.gov.au/__data/assets/pdf_file/0020/160418/Quarterly-Budget-Review-attachment.pdf,observed,0,euro_cap_q3,3,https://www.esc.nsw.gov.au/__data/assets/pdf_file/0020/160418/Quarterly-Budget-Review-attachment.pdf,observed,0,euro_cap_q3,3,https://www.esc.nsw.gov.au/__data/assets/pdf_file/0020/160418/Quarterly-Budget-Review-attachment.pdf,observed,0,euro_cap_q3,3,https://www.esc.nsw.gov.au/__data/assets/pdf_file/0020/160418/Quarterly-Budget-Review-attachment.pdf,observed,,,,,missing_not_reconstructed
eurobodalla,2019,2019-20,eurobodalla:public_order_and_safety,Public Order and Safety,POS,source_code,mixed_or_unverified,usable_for_descriptive_budget_only,198829.0,Approved prior changes reconstructed from Q3 table. Q3 is proposed; May resolution not retrieved. Web PDF text available; direct download 403; screenshot cache miss. YTD is not year-end.,False,False,False,150000.0,euro_cap_q3,3.0,https://www.esc.nsw.gov.au/__data/assets/pdf_file/0020/160418/Quarterly-Budget-Review-attachment.pdf,observed,1497760,euro_cap_q3,3,https://www.esc.nsw.gov.au/__data/assets/pdf_file/0020/160418/Quarterly-Budget-Review-attachment.pdf,observed,1497760,euro_cap_q3,3,https://www.esc.nsw.gov.au/__data/assets/pdf_file/0020/160418/Quarterly-Budget-Review-attachment.pdf,observed,197760,euro_cap_q3,3,https://www.esc.nsw.gov.au/__data/assets/pdf_file/0020/160418/Quarterly-Budget-Review-attachment.pdf,observed,,,,,missing_not_reconstructed
eurobodalla,2019,2019-20,eurobodalla:recreation,Recreation,R,source_code,mixed_or_unverified,usable_for_descriptive_budget_only,390909.0,Approved prior changes reconstructed from Q3 table. Q3 is proposed; May resolution not retrieved. Web PDF text available; direct download 403; screenshot cache miss. YTD is not year-end.,False,False,False,4985403.0,euro_cap_q3,3.0,https://www.esc.nsw.gov.au/__data/assets/pdf_file/0020/160418/Quarterly-Budget-Review-attachment.pdf,observed,5874786,euro_cap_q3,3,https://www.esc.nsw.gov.au/__data/assets/pdf_file/0020/160418/Quarterly-Budget-Review-attachment.pdf,observed,3054555,euro_cap_q3,3,https://www.esc.nsw.gov.au/__data/assets/pdf_file/0020/160418/Quarterly-Budget-Review-attachment.pdf,observed,2423339,euro_cap_q3,3,https://www.esc.nsw.gov.au/__data/assets/pdf_file/0020/160418/Quarterly-Budget-Review-attachment.pdf,observed,,,,,missing_not_reconstructed
eurobodalla,2019,2019-20,eurobodalla:risk_and_insurance,Risk and Insurance,RI,source_code,mixed_or_unverified,usable_for_descriptive_budget_only,0.0,Approved prior changes reconstructed from Q3 table. Q3 is proposed; May resolution not retrieved. Web PDF text available; direct download 403; screenshot cache miss. YTD is not year-end.,False,False,False,0.0,euro_cap_q3,3.0,https://www.esc.nsw.gov.au/__data/assets/pdf_file/0020/160418/Quarterly-Budget-Review-attachment.pdf,observed,0,euro_cap_q3,3,https://www.esc.nsw.gov.au/__data/assets/pdf_file/0020/160418/Quarterly-Budget-Review-attachment.pdf,observed,0,euro_cap_q3,3,https://www.esc.nsw.gov.au/__data/assets/pdf_file/0020/160418/Quarterly-Budget-Review-attachment.pdf,observed,0,euro_cap_q3,3,https://www.esc.nsw.gov.au/__data/assets/pdf_file/0020/160418/Quarterly-Budget-Review-attachment.pdf,observed,,,,,missing_not_reconstructed
eurobodalla,2019,2019-20,eurobodalla:sewer_services,Sewer Services,SS,source_code,mixed_or_unverified,usable_for_descriptive_budget_only,0.0,Approved prior changes reconstructed from Q3 table. Q3 is proposed; May resolution not retrieved. Web PDF text available; direct download 403; screenshot cache miss. YTD is not year-end.,False,False,False,16070000.0,euro_cap_q3,3.0,https://www.esc.nsw.gov.au/__data/assets/pdf_file/0020/160418/Quarterly-Budget-Review-attachment.pdf,observed,16227923,euro_cap_q3,3,https://www.esc.nsw.gov.au/__data/assets/pdf_file/0020/160418/Quarterly-Budget-Review-attachment.pdf,observed,7187200,euro_cap_q3,3,https://www.esc.nsw.gov.au/__data/assets/pdf_file/0020/160418/Quarterly-Budget-Review-attachment.pdf,observed,9364200,euro_cap_q3,3,https://www.esc.nsw.gov.au/__data/assets/pdf_file/0020/160418/Quarterly-Budget-Review-attachment.pdf,observed,,,,,missing_not_reconstructed
eurobodalla,2019,2019-20,eurobodalla:stormwater,Stormwater,S,source_code,mixed_or_unverified,usable_for_descriptive_budget_only,0.0,Approved prior changes reconstructed from Q3 table. Q3 is proposed; May resolution not retrieved. Web PDF text available; direct download 403; screenshot cache miss. YTD is not year-end.,False,False,False,738858.0,euro_cap_q3,3.0,https://www.esc.nsw.gov.au/__data/assets/pdf_file/0020/160418/Quarterly-Budget-Review-attachment.pdf,observed,482357,euro_cap_q3,3,https://www.esc.nsw.gov.au/__data/assets/pdf_file/0020/160418/Quarterly-Budget-Review-attachment.pdf,observed,482357,euro_cap_q3,3,https://www.esc.nsw.gov.au/__data/assets/pdf_file/0020/160418/Quarterly-Budget-Review-attachment.pdf,observed,482357,euro_cap_q3,3,https://www.esc.nsw.gov.au/__data/assets/pdf_file/0020/160418/Quarterly-Budget-Review-attachment.pdf,observed,,,,,missing_not_reconstructed
eurobodalla,2019,2019-20,eurobodalla:strategic_planning,Strategic Planning,SP,source_code,mixed_or_unverified,usable_for_descriptive_budget_only,1475799.0,Approved prior changes reconstructed from Q3 table. Q3 is proposed; May resolution not retrieved. Web PDF text available; direct download 403; screenshot cache miss. YTD is not year-end.,False,False,False,18700000.0,euro_cap_q3,3.0,https://www.esc.nsw.gov.au/__data/assets/pdf_file/0020/160418/Quarterly-Budget-Review-attachment.pdf,observed,3605799,euro_cap_q3,3,https://www.esc.nsw.gov.au/__data/assets/pdf_file/0020/160418/Quarterly-Budget-Review-attachment.pdf,observed,3541439,euro_cap_q3,3,https://www.esc.nsw.gov.au/__data/assets/pdf_file/0020/160418/Quarterly-Budget-Review-attachment.pdf,observed,2688919,euro_cap_q3,3,https://www.esc.nsw.gov.au/__data/assets/pdf_file/0020/160418/Quarterly-Budget-Review-attachment.pdf,observed,,,,,missing_not_reconstructed
eurobodalla,2019,2019-20,eurobodalla:technical_services,Technical Services,TS,source_code,mixed_or_unverified,usable_for_descriptive_budget_only,0.0,Approved prior changes reconstructed from Q3 table. Q3 is proposed; May resolution not retrieved. Web PDF text available; direct download 403; screenshot cache miss. YTD is not year-end.,False,False,False,507450.0,euro_cap_q3,3.0,https://www.esc.nsw.gov.au/__data/assets/pdf_file/0020/160418/Quarterly-Budget-Review-attachment.pdf,observed,507450,euro_cap_q3,3,https://www.esc.nsw.gov.au/__data/assets/pdf_file/0020/160418/Quarterly-Budget-Review-attachment.pdf,observed,507450,euro_cap_q3,3,https://www.esc.nsw.gov.au/__data/assets/pdf_file/0020/160418/Quarterly-Budget-Review-attachment.pdf,observed,507450,euro_cap_q3,3,https://www.esc.nsw.gov.au/__data/assets/pdf_file/0020/160418/Quarterly-Budget-Review-attachment.pdf,observed,,,,,missing_not_reconstructed
eurobodalla,2019,2019-20,eurobodalla:transport,Transport,TR,source_code,mixed_or_unverified,usable_for_descriptive_budget_only,748467.0,Approved prior changes reconstructed from Q3 table. Q3 is proposed; May resolution not retrieved. Web PDF text available; direct download 403; screenshot cache miss. YTD is not year-end.,False,False,False,13425168.0,euro_cap_q3,3.0,https://www.esc.nsw.gov.au/__data/assets/pdf_file/0020/160418/Quarterly-Budget-Review-attachment.pdf,observed,16020162,euro_cap_q3,3,https://www.esc.nsw.gov.au/__data/assets/pdf_file/0020/160418/Quarterly-Budget-Review-attachment.pdf,observed,15196473,euro_cap_q3,3,https://www.esc.nsw.gov.au/__data/assets/pdf_file/0020/160418/Quarterly-Budget-Review-attachment.pdf,observed,15288080,euro_cap_q3,3,https://www.esc.nsw.gov.au/__data/assets/pdf_file/0020/160418/Quarterly-Budget-Review-attachment.pdf,observed,,,,,missing_not_reconstructed
eurobodalla,2019,2019-20,eurobodalla:waste_management,Waste Management,WM,source_code,mixed_or_unverified,usable_for_descriptive_budget_only,0.0,Approved prior changes reconstructed from Q3 table. Q3 is proposed; May resolution not retrieved. Web PDF text available; direct download 403; screenshot cache miss. YTD is not year-end.,False,False,False,0.0,euro_cap_q3,3.0,https://www.esc.nsw.gov.au/__data/assets/pdf_file/0020/160418/Quarterly-Budget-Review-attachment.pdf,observed,0,euro_cap_q3,3,https://www.esc.nsw.gov.au/__data/assets/pdf_file/0020/160418/Quarterly-Budget-Review-attachment.pdf,observed,0,euro_cap_q3,3,https://www.esc.nsw.gov.au/__data/assets/pdf_file/0020/160418/Quarterly-Budget-Review-attachment.pdf,observed,0,euro_cap_q3,3,https://www.esc.nsw.gov.au/__data/assets/pdf_file/0020/160418/Quarterly-Budget-Review-attachment.pdf,observed,,,,,missing_not_reconstructed
eurobodalla,2019,2019-20,eurobodalla:water_services,Water Services,WS,source_code,mixed_or_unverified,usable_for_descriptive_budget_only,0.0,Approved prior changes reconstructed from Q3 table. Q3 is proposed; May resolution not retrieved. Web PDF text available; direct download 403; screenshot cache miss. YTD is not year-end.,False,False,False,8295000.0,euro_cap_q3,3.0,https://www.esc.nsw.gov.au/__data/assets/pdf_file/0020/160418/Quarterly-Budget-Review-attachment.pdf,observed,8275000,euro_cap_q3,3,https://www.esc.nsw.gov.au/__data/assets/pdf_file/0020/160418/Quarterly-Budget-Review-attachment.pdf,observed,4275000,euro_cap_q3,3,https://www.esc.nsw.gov.au/__data/assets/pdf_file/0020/160418/Quarterly-Budget-Review-attachment.pdf,observed,3475000,euro_cap_q3,3,https://www.esc.nsw.gov.au/__data/assets/pdf_file/0020/160418/Quarterly-Budget-Review-attachment.pdf,observed,,,,,missing_not_reconstructed
eurobodalla,2019,2019-20,eurobodalla:works_and_operations,Works and Operations,WO,source_code,mixed_or_unverified,usable_for_descriptive_budget_only,36540.0,Approved prior changes reconstructed from Q3 table. Q3 is proposed; May resolution not retrieved. Web PDF text available; direct download 403; screenshot cache miss. YTD is not year-end.,False,False,False,434681.0,euro_cap_q3,3.0,https://www.esc.nsw.gov.au/__data/assets/pdf_file/0020/160418/Quarterly-Budget-Review-attachment.pdf,observed,431221,euro_cap_q3,3,https://www.esc.nsw.gov.au/__data/assets/pdf_file/0020/160418/Quarterly-Budget-Review-attachment.pdf,observed,431221,euro_cap_q3,3,https://www.esc.nsw.gov.au/__data/assets/pdf_file/0020/160418/Quarterly-Budget-Review-attachment.pdf,observed,258882,euro_cap_q3,3,https://www.esc.nsw.gov.au/__data/assets/pdf_file/0020/160418/Quarterly-Budget-Review-attachment.pdf,observed,,,,,missing_not_reconstructed
eurobodalla,2019,2019-20,eurobodalla:workforce_development,Workforce Development,WD,source_code,mixed_or_unverified,usable_for_descriptive_budget_only,0.0,Approved prior changes reconstructed from Q3 table. Q3 is proposed; May resolution not retrieved. Web PDF text available; direct download 403; screenshot cache miss. YTD is not year-end.,False,False,False,300000.0,euro_cap_q3,3.0,https://www.esc.nsw.gov.au/__data/assets/pdf_file/0020/160418/Quarterly-Budget-Review-attachment.pdf,observed,0,euro_cap_q3,3,https://www.esc.nsw.gov.au/__data/assets/pdf_file/0020/160418/Quarterly-Budget-Review-attachment.pdf,observed,0,euro_cap_q3,3,https://www.esc.nsw.gov.au/__data/assets/pdf_file/0020/160418/Quarterly-Budget-Review-attachment.pdf,observed,0,euro_cap_q3,3,https://www.esc.nsw.gov.au/__data/assets/pdf_file/0020/160418/Quarterly-Budget-Review-attachment.pdf,observed,,,,,missing_not_reconstructed
eurobodalla,2019,2019-20,eurobodalla:total_capital_expenditure,Total Capital Expenditure,TOTAL,source_code,mixed_or_unverified,usable_for_descriptive_budget_only,4016940.0,Approved prior changes reconstructed from Q3 table. Q3 is proposed; May resolution not retrieved. Web PDF text available; direct download 403; screenshot cache miss. YTD is not year-end.,False,False,False,75418007.0,euro_cap_q3,3.0,https://www.esc.nsw.gov.au/__data/assets/pdf_file/0020/160418/Quarterly-Budget-Review-attachment.pdf,observed,65694767,euro_cap_q3,3,https://www.esc.nsw.gov.au/__data/assets/pdf_file/0020/160418/Quarterly-Budget-Review-attachment.pdf,observed,47122414,euro_cap_q3,3,https://www.esc.nsw.gov.au/__data/assets/pdf_file/0020/160418/Quarterly-Budget-Review-attachment.pdf,observed,43393946,euro_cap_q3,3,https://www.esc.nsw.gov.au/__data/assets/pdf_file/0020/160418/Quarterly-Budget-Review-attachment.pdf,observed,,,,,missing_not_reconstructed
lismore,2021,2021-22,lismore:new_roads_bridges_footpaths_cycleways,New Roads bridges footpaths cycleways,,analyst_label_key_not_official_project_id,mixed_or_unverified,quarantine_year_unit_and_classification_conflicts,,"Magnitude provisionally treated as AUD from context, not literal $000 header. Source says 2020/21 despite 2021/22 review. Category set not exhaustive; other new/renewal classification changes and negative spending retained. Do not use in model until council reconciliation.",False,False,False,24746400.0,lismore_all2021_oc_09112021_att_excluded,294.0,https://lismore.infocouncil.biz/Open/2021/11/OC_09112021_ATT_EXCLUDED.PDF,quarantined_source_conflict,24746400,lismore_all2021_oc_09112021_att_excluded,294,https://lismore.infocouncil.biz/Open/2021/11/OC_09112021_ATT_EXCLUDED.PDF,quarantined_source_conflict,24746000,lismore_oc_08022022_att_excluded_direct,106,https://lismore.infocouncil.biz/Open/2022/02/OC_08022022_ATT_EXCLUDED.PDF,quarantined_source_conflict,24746000,lismore_oc_10052022_att_excluded_direct,164,https://lismore.infocouncil.biz/Open/2022/05/OC_10052022_ATT_EXCLUDED.PDF,quarantined_source_conflict,,,,,missing_not_reconstructed
lismore,2021,2021-22,lismore:new_land_and_buildings,New Land and Buildings,,analyst_label_key_not_official_project_id,mixed_or_unverified,quarantine_year_unit_and_classification_conflicts,,"Magnitude provisionally treated as AUD from context, not literal $000 header. Source says 2020/21 despite 2021/22 review. Category set not exhaustive; other new/renewal classification changes and negative spending retained. Do not use in model until council reconciliation.",False,False,False,8888900.0,lismore_all2021_oc_09112021_att_excluded,294.0,https://lismore.infocouncil.biz/Open/2021/11/OC_09112021_ATT_EXCLUDED.PDF,quarantined_source_conflict,8888900,lismore_all2021_oc_09112021_att_excluded,294,https://lismore.infocouncil.biz/Open/2021/11/OC_09112021_ATT_EXCLUDED.PDF,quarantined_source_conflict,8888900,lismore_oc_08022022_att_excluded_direct,106,https://lismore.infocouncil.biz/Open/2022/02/OC_08022022_ATT_EXCLUDED.PDF,quarantined_source_conflict,8888900,lismore_oc_10052022_att_excluded_direct,164,https://lismore.infocouncil.biz/Open/2022/05/OC_10052022_ATT_EXCLUDED.PDF,quarantined_source_conflict,,,,,missing_not_reconstructed
lismore,2021,2021-22,lismore:new_water,New Water,,analyst_label_key_not_official_project_id,mixed_or_unverified,quarantine_year_unit_and_classification_conflicts,,"Magnitude provisionally treated as AUD from context, not literal $000 header. Source says 2020/21 despite 2021/22 review. Category set not exhaustive; other new/renewal classification changes and negative spending retained. Do not use in model until council reconciliation.",False,False,False,2725479.0,lismore_all2021_oc_09112021_att_excluded,294.0,https://lismore.infocouncil.biz/Open/2021/11/OC_09112021_ATT_EXCLUDED.PDF,quarantined_source_conflict,2725479,lismore_all2021_oc_09112021_att_excluded,294,https://lismore.infocouncil.biz/Open/2021/11/OC_09112021_ATT_EXCLUDED.PDF,quarantined_source_conflict,934979,lismore_oc_08022022_att_excluded_direct,106,https://lismore.infocouncil.biz/Open/2022/02/OC_08022022_ATT_EXCLUDED.PDF,quarantined_source_conflict,828579,lismore_oc_10052022_att_excluded_direct,164,https://lismore.infocouncil.biz/Open/2022/05/OC_10052022_ATT_EXCLUDED.PDF,quarantined_source_conflict,,,,,missing_not_reconstructed
lismore,2021,2021-22,lismore:new_wastewater,New Wastewater,,analyst_label_key_not_official_project_id,mixed_or_unverified,quarantine_year_unit_and_classification_conflicts,,"Magnitude provisionally treated as AUD from context, not literal $000 header. Source says 2020/21 despite 2021/22 review. Category set not exhaustive; other new/renewal classification changes and negative spending retained. Do not use in model until council reconciliation.",False,False,False,3964700.0,lismore_all2021_oc_09112021_att_excluded,294.0,https://lismore.infocouncil.biz/Open/2021/11/OC_09112021_ATT_EXCLUDED.PDF,quarantined_source_conflict,3964700,lismore_all2021_oc_09112021_att_excluded,294,https://lismore.infocouncil.biz/Open/2021/11/OC_09112021_ATT_EXCLUDED.PDF,quarantined_source_conflict,3964700,lismore_oc_08022022_att_excluded_direct,106,https://lismore.infocouncil.biz/Open/2022/02/OC_08022022_ATT_EXCLUDED.PDF,quarantined_source_conflict,3799600,lismore_oc_10052022_att_excluded_direct,164,https://lismore.infocouncil.biz/Open/2022/05/OC_10052022_ATT_EXCLUDED.PDF,quarantined_source_conflict,,,,,missing_not_reconstructed
lismore,2021,2021-22,lismore:renewal_plant_and_equipment,Renewal Plant and Equipment,,analyst_label_key_not_official_project_id,mixed_or_unverified,quarantine_year_unit_and_classification_conflicts,,"Magnitude provisionally treated as AUD from context, not literal $000 header. Source says 2020/21 despite 2021/22 review. Category set not exhaustive; other new/renewal classification changes and negative spending retained. Do not use in model until council reconciliation.",False,False,False,2500500.0,lismore_all2021_oc_09112021_att_excluded,294.0,https://lismore.infocouncil.biz/Open/2021/11/OC_09112021_ATT_EXCLUDED.PDF,quarantined_source_conflict,2500500,lismore_all2021_oc_09112021_att_excluded,294,https://lismore.infocouncil.biz/Open/2021/11/OC_09112021_ATT_EXCLUDED.PDF,quarantined_source_conflict,2500500,lismore_oc_08022022_att_excluded_direct,106,https://lismore.infocouncil.biz/Open/2022/02/OC_08022022_ATT_EXCLUDED.PDF,quarantined_source_conflict,2500500,lismore_oc_10052022_att_excluded_direct,164,https://lismore.infocouncil.biz/Open/2022/05/OC_10052022_ATT_EXCLUDED.PDF,quarantined_source_conflict,,,,,missing_not_reconstructed
lismore,2021,2021-22,lismore:renewal_roads_bridges_footpaths_cycleways,Renewal Roads bridges footpaths cycleways,,analyst_label_key_not_official_project_id,mixed_or_unverified,quarantine_year_unit_and_classification_conflicts,,"Magnitude provisionally treated as AUD from context, not literal $000 header. Source says 2020/21 despite 2021/22 review. Category set not exhaustive; other new/renewal classification changes and negative spending retained. Do not use in model until council reconciliation.",False,False,False,11318000.0,lismore_all2021_oc_09112021_att_excluded,294.0,https://lismore.infocouncil.biz/Open/2021/11/OC_09112021_ATT_EXCLUDED.PDF,quarantined_source_conflict,12484600,lismore_all2021_oc_09112021_att_excluded,294,https://lismore.infocouncil.biz/Open/2021/11/OC_09112021_ATT_EXCLUDED.PDF,quarantined_source_conflict,19276700,lismore_oc_08022022_att_excluded_direct,106,https://lismore.infocouncil.biz/Open/2022/02/OC_08022022_ATT_EXCLUDED.PDF,quarantined_source_conflict,6591800,lismore_oc_10052022_att_excluded_direct,164,https://lismore.infocouncil.biz/Open/2022/05/OC_10052022_ATT_EXCLUDED.PDF,quarantined_source_conflict,,,,,missing_not_reconstructed
lismore,2021,2021-22,lismore:renewal_stormwater_drainage,Renewal Stormwater Drainage,,analyst_label_key_not_official_project_id,mixed_or_unverified,quarantine_year_unit_and_classification_conflicts,,"Magnitude provisionally treated as AUD from context, not literal $000 header. Source says 2020/21 despite 2021/22 review. Category set not exhaustive; other new/renewal classification changes and negative spending retained. Do not use in model until council reconciliation.",False,False,False,287500.0,lismore_all2021_oc_09112021_att_excluded,294.0,https://lismore.infocouncil.biz/Open/2021/11/OC_09112021_ATT_EXCLUDED.PDF,quarantined_source_conflict,287500,lismore_all2021_oc_09112021_att_excluded,294,https://lismore.infocouncil.biz/Open/2021/11/OC_09112021_ATT_EXCLUDED.PDF,quarantined_source_conflict,287500,lismore_oc_08022022_att_excluded_direct,106,https://lismore.infocouncil.biz/Open/2022/02/OC_08022022_ATT_EXCLUDED.PDF,quarantined_source_conflict,106600,lismore_oc_10052022_att_excluded_direct,164,https://lismore.infocouncil.biz/Open/2022/05/OC_10052022_ATT_EXCLUDED.PDF,quarantined_source_conflict,,,,,missing_not_reconstructed
lismore,2021,2021-22,lismore:renewal_land_and_buildings,Renewal Land and Buildings,,analyst_label_key_not_official_project_id,mixed_or_unverified,quarantine_year_unit_and_classification_conflicts,,"Magnitude provisionally treated as AUD from context, not literal $000 header. Source says 2020/21 despite 2021/22 review. Category set not exhaustive; other new/renewal classification changes and negative spending retained. Do not use in model until council reconciliation.",False,False,False,4177800.0,lismore_all2021_oc_09112021_att_excluded,294.0,https://lismore.infocouncil.biz/Open/2021/11/OC_09112021_ATT_EXCLUDED.PDF,quarantined_source_conflict,4283000,lismore_all2021_oc_09112021_att_excluded,294,https://lismore.infocouncil.biz/Open/2021/11/OC_09112021_ATT_EXCLUDED.PDF,quarantined_source_conflict,940100,lismore_oc_08022022_att_excluded_direct,106,https://lismore.infocouncil.biz/Open/2022/02/OC_08022022_ATT_EXCLUDED.PDF,quarantined_source_conflict,466800,lismore_oc_10052022_att_excluded_direct,164,https://lismore.infocouncil.biz/Open/2022/05/OC_10052022_ATT_EXCLUDED.PDF,quarantined_source_conflict,,,,,missing_not_reconstructed
lismore,2021,2021-22,lismore:renewal_water,Renewal Water,,analyst_label_key_not_official_project_id,mixed_or_unverified,quarantine_year_unit_and_classification_conflicts,,"Magnitude provisionally treated as AUD from context, not literal $000 header. Source says 2020/21 despite 2021/22 review. Category set not exhaustive; other new/renewal classification changes and negative spending retained. Do not use in model until council reconciliation.",False,False,False,3207821.0,lismore_all2021_oc_09112021_att_excluded,294.0,https://lismore.infocouncil.biz/Open/2021/11/OC_09112021_ATT_EXCLUDED.PDF,quarantined_source_conflict,3207821,lismore_all2021_oc_09112021_att_excluded,294,https://lismore.infocouncil.biz/Open/2021/11/OC_09112021_ATT_EXCLUDED.PDF,quarantined_source_conflict,3207821,lismore_oc_08022022_att_excluded_direct,106,https://lismore.infocouncil.biz/Open/2022/02/OC_08022022_ATT_EXCLUDED.PDF,quarantined_source_conflict,1742921,lismore_oc_10052022_att_excluded_direct,164,https://lismore.infocouncil.biz/Open/2022/05/OC_10052022_ATT_EXCLUDED.PDF,quarantined_source_conflict,,,,,missing_not_reconstructed
lismore,2021,2021-22,lismore:renewal_wastewater,Renewal Wastewater,,analyst_label_key_not_official_project_id,mixed_or_unverified,quarantine_year_unit_and_classification_conflicts,,"Magnitude provisionally treated as AUD from context, not literal $000 header. Source says 2020/21 despite 2021/22 review. Category set not exhaustive; other new/renewal classification changes and negative spending retained. Do not use in model until council reconciliation.",False,False,False,3718100.0,lismore_all2021_oc_09112021_att_excluded,294.0,https://lismore.infocouncil.biz/Open/2021/11/OC_09112021_ATT_EXCLUDED.PDF,quarantined_source_conflict,3718100,lismore_all2021_oc_09112021_att_excluded,294,https://lismore.infocouncil.biz/Open/2021/11/OC_09112021_ATT_EXCLUDED.PDF,quarantined_source_conflict,3718100,lismore_oc_08022022_att_excluded_direct,106,https://lismore.infocouncil.biz/Open/2022/02/OC_08022022_ATT_EXCLUDED.PDF,quarantined_source_conflict,2670300,lismore_oc_10052022_att_excluded_direct,164,https://lismore.infocouncil.biz/Open/2022/05/OC_10052022_ATT_EXCLUDED.PDF,quarantined_source_conflict,,,,,missing_not_reconstructed
lismore,2021,2021-22,lismore:renewal_other,Renewal Other,,analyst_label_key_not_official_project_id,mixed_or_unverified,quarantine_year_unit_and_classification_conflicts,,"Magnitude provisionally treated as AUD from context, not literal $000 header. Source says 2020/21 despite 2021/22 review. Category set not exhaustive; other new/renewal classification changes and negative spending retained. Do not use in model until council reconciliation.",False,False,False,635000.0,lismore_all2021_oc_09112021_att_excluded,294.0,https://lismore.infocouncil.biz/Open/2021/11/OC_09112021_ATT_EXCLUDED.PDF,quarantined_source_conflict,935000,lismore_all2021_oc_09112021_att_excluded,294,https://lismore.infocouncil.biz/Open/2021/11/OC_09112021_ATT_EXCLUDED.PDF,quarantined_source_conflict,935000,lismore_oc_08022022_att_excluded_direct,106,https://lismore.infocouncil.biz/Open/2022/02/OC_08022022_ATT_EXCLUDED.PDF,quarantined_source_conflict,-3404100,lismore_oc_10052022_att_excluded_direct,164,https://lismore.infocouncil.biz/Open/2022/05/OC_10052022_ATT_EXCLUDED.PDF,quarantined_source_conflict,,,,,missing_not_reconstructed
lismore,2021,2021-22,lismore:total_capital_expenditure,Total Capital Expenditure,,analyst_label_key_not_official_project_id,mixed_or_unverified,quarantine_year_unit_and_classification_conflicts,,"Magnitude provisionally treated as AUD from context, not literal $000 header. Source says 2020/21 despite 2021/22 review. Category set not exhaustive; other new/renewal classification changes and negative spending retained. Do not use in model until council reconciliation.",False,False,False,66170200.0,lismore_all2021_oc_09112021_att_excluded,294.0,https://lismore.infocouncil.biz/Open/2021/11/OC_09112021_ATT_EXCLUDED.PDF,quarantined_source_conflict,67799700,lismore_all2021_oc_09112021_att_excluded,294,https://lismore.infocouncil.biz/Open/2021/11/OC_09112021_ATT_EXCLUDED.PDF,quarantined_source_conflict,70436000,lismore_oc_08022022_att_excluded_direct,106,https://lismore.infocouncil.biz/Open/2022/02/OC_08022022_ATT_EXCLUDED.PDF,quarantined_source_conflict,49932200,lismore_oc_10052022_att_excluded_direct,164,https://lismore.infocouncil.biz/Open/2022/05/OC_10052022_ATT_EXCLUDED.PDF,quarantined_source_conflict,,,,,missing_not_reconstructed
griffith,2019,2019-20,griffith:ippe_purchases_ordinary_services_fund,IPPE purchases Ordinary Services Fund,,analyst_label_key_not_official_project_id,mixed_or_unverified,usable_for_descriptive_budget_only,,"Cash outflows normalised to positive spending; scanned page visually checked. Ordinary Services is a FUND name, not proof of ordinary non-disaster works. Annual audited budget differs by $545; bridge to actual retained separately.",False,False,False,32791735.0,griffith_2019_co_26112019_att_1080_excluded,77.0,https://businesspapers.griffith.nsw.gov.au/Open/2019/11/CO_26112019_ATT_1080_EXCLUDED.PDF,observed,38398068,griffith_2019_co_26112019_att_1080_excluded,77,https://businesspapers.griffith.nsw.gov.au/Open/2019/11/CO_26112019_ATT_1080_EXCLUDED.PDF,observed,38676637,griffith_2020_co_25022020_att_1261_excluded,18,https://businesspapers.griffith.nsw.gov.au/Open/2020/02/CO_25022020_ATT_1261_EXCLUDED.PDF,observed,24500227,griffith_q3,61,https://businesspapers.griffith.nsw.gov.au/Open/2020/05/CO_26052020_ATT_1267_PLANS.PDF,observed,,,,,missing_not_reconstructed
griffith,2019,2019-20,griffith:ippe_purchases_waste_fund,IPPE purchases Waste Fund,,analyst_label_key_not_official_project_id,mixed_or_unverified,usable_for_descriptive_budget_only,,"Cash outflows normalised to positive spending; scanned page visually checked. Ordinary Services is a FUND name, not proof of ordinary non-disaster works. Annual audited budget differs by $545; bridge to actual retained separately.",False,False,False,1930000.0,griffith_2019_co_26112019_att_1080_excluded,77.0,https://businesspapers.griffith.nsw.gov.au/Open/2019/11/CO_26112019_ATT_1080_EXCLUDED.PDF,observed,2335890,griffith_2019_co_26112019_att_1080_excluded,77,https://businesspapers.griffith.nsw.gov.au/Open/2019/11/CO_26112019_ATT_1080_EXCLUDED.PDF,observed,2489752,griffith_2020_co_25022020_att_1261_excluded,18,https://businesspapers.griffith.nsw.gov.au/Open/2020/02/CO_25022020_ATT_1261_EXCLUDED.PDF,observed,2534452,griffith_q3,61,https://businesspapers.griffith.nsw.gov.au/Open/2020/05/CO_26052020_ATT_1267_PLANS.PDF,observed,,,,,missing_not_reconstructed
griffith,2019,2019-20,griffith:ippe_purchases_water_fund,IPPE purchases Water Fund,,analyst_label_key_not_official_project_id,mixed_or_unverified,usable_for_descriptive_budget_only,,"Cash outflows normalised to positive spending; scanned page visually checked. Ordinary Services is a FUND name, not proof of ordinary non-disaster works. Annual audited budget differs by $545; bridge to actual retained separately.",False,False,False,4458310.0,griffith_2019_co_26112019_att_1080_excluded,77.0,https://businesspapers.griffith.nsw.gov.au/Open/2019/11/CO_26112019_ATT_1080_EXCLUDED.PDF,observed,5679185,griffith_2019_co_26112019_att_1080_excluded,77,https://businesspapers.griffith.nsw.gov.au/Open/2019/11/CO_26112019_ATT_1080_EXCLUDED.PDF,observed,6149015,griffith_2020_co_25022020_att_1261_excluded,18,https://businesspapers.griffith.nsw.gov.au/Open/2020/02/CO_25022020_ATT_1261_EXCLUDED.PDF,observed,5499640,griffith_q3,61,https://businesspapers.griffith.nsw.gov.au/Open/2020/05/CO_26052020_ATT_1267_PLANS.PDF,observed,,,,,missing_not_reconstructed
griffith,2019,2019-20,griffith:ippe_purchases_sewer_fund,IPPE purchases Sewer Fund,,analyst_label_key_not_official_project_id,mixed_or_unverified,usable_for_descriptive_budget_only,,"Cash outflows normalised to positive spending; scanned page visually checked. Ordinary Services is a FUND name, not proof of ordinary non-disaster works. Annual audited budget differs by $545; bridge to actual retained separately.",False,False,False,1752410.0,griffith_2019_co_26112019_att_1080_excluded,77.0,https://businesspapers.griffith.nsw.gov.au/Open/2019/11/CO_26112019_ATT_1080_EXCLUDED.PDF,observed,2122495,griffith_2019_co_26112019_att_1080_excluded,77,https://businesspapers.griffith.nsw.gov.au/Open/2019/11/CO_26112019_ATT_1080_EXCLUDED.PDF,observed,2153424,griffith_2020_co_25022020_att_1261_excluded,18,https://businesspapers.griffith.nsw.gov.au/Open/2020/02/CO_25022020_ATT_1261_EXCLUDED.PDF,observed,2166269,griffith_q3,61,https://businesspapers.griffith.nsw.gov.au/Open/2020/05/CO_26052020_ATT_1267_PLANS.PDF,observed,,,,,missing_not_reconstructed
griffith,2019,2019-20,griffith:ippe_purchases_consolidated,IPPE purchases Consolidated,,analyst_label_key_not_official_project_id,mixed_or_unverified,usable_for_descriptive_budget_only,,"Cash outflows normalised to positive spending; scanned page visually checked. Ordinary Services is a FUND name, not proof of ordinary non-disaster works. Annual audited budget differs by $545; bridge to actual retained separately.",False,False,False,40932455.0,griffith_2019_co_26112019_att_1080_excluded,77.0,https://businesspapers.griffith.nsw.gov.au/Open/2019/11/CO_26112019_ATT_1080_EXCLUDED.PDF,observed,48535638,griffith_2019_co_26112019_att_1080_excluded,77,https://businesspapers.griffith.nsw.gov.au/Open/2019/11/CO_26112019_ATT_1080_EXCLUDED.PDF,observed,49468828,griffith_2020_co_25022020_att_1261_excluded,18,https://businesspapers.griffith.nsw.gov.au/Open/2020/02/CO_25022020_ATT_1261_EXCLUDED.PDF,observed,34700588,griffith_q3,61,https://businesspapers.griffith.nsw.gov.au/Open/2020/05/CO_26052020_ATT_1267_PLANS.PDF,observed,,,,,missing_not_reconstructed
waggawagga,2021,2021-22,waggawagga:one_off,One-off,,analyst_label_key_not_official_project_id,mixed_or_unverified,usable_totals_component_movement_conflict,,"Full-year capital works including pending projects; original same-basis budget not reconstructed. Sep one-off movement $2,000,585 does not reconcile to stated budgets (difference $1m); totals reconcile. Cash IPPE actual cannot fill this scope.",False,False,False,,,,,missing_not_reconstructed,100965860,wagga_q1,Capital Works Summary,https://meetings.wagga.nsw.gov.au/Open/2021/10/OC_25102021_AGN_4814_AT.htm,observed,112538554,wagga_q2,Capital Works Summary,https://meetings.wagga.nsw.gov.au/Open/2022/01/OC_31012022_AGN_4855_AT.htm,observed,108824760,wagga_q3,Capital Works Summary,https://meetings.wagga.nsw.gov.au/Open/2022/04/OC_11042022_AGN_4870_AT.HTM,observed,,,,,missing_not_reconstructed
waggawagga,2021,2021-22,waggawagga:recurrent,Recurrent,,analyst_label_key_not_official_project_id,mixed_or_unverified,usable_totals_component_movement_conflict,,"Full-year capital works including pending projects; original same-basis budget not reconstructed. Sep one-off movement $2,000,585 does not reconcile to stated budgets (difference $1m); totals reconcile. Cash IPPE actual cannot fill this scope.",False,False,False,,,,,missing_not_reconstructed,19545988,wagga_q1,Capital Works Summary,https://meetings.wagga.nsw.gov.au/Open/2021/10/OC_25102021_AGN_4814_AT.htm,observed,19515432,wagga_q2,Capital Works Summary,https://meetings.wagga.nsw.gov.au/Open/2022/01/OC_31012022_AGN_4855_AT.htm,observed,19546933,wagga_q3,Capital Works Summary,https://meetings.wagga.nsw.gov.au/Open/2022/04/OC_11042022_AGN_4870_AT.HTM,observed,,,,,missing_not_reconstructed
waggawagga,2021,2021-22,waggawagga:pending,Pending,,analyst_label_key_not_official_project_id,mixed_or_unverified,usable_totals_component_movement_conflict,,"Full-year capital works including pending projects; original same-basis budget not reconstructed. Sep one-off movement $2,000,585 does not reconcile to stated budgets (difference $1m); totals reconcile. Cash IPPE actual cannot fill this scope.",False,False,False,,,,,missing_not_reconstructed,38265506,wagga_q1,Capital Works Summary,https://meetings.wagga.nsw.gov.au/Open/2021/10/OC_25102021_AGN_4814_AT.htm,observed,399000,wagga_q2,Capital Works Summary,https://meetings.wagga.nsw.gov.au/Open/2022/01/OC_31012022_AGN_4855_AT.htm,observed,42000,wagga_q3,Capital Works Summary,https://meetings.wagga.nsw.gov.au/Open/2022/04/OC_11042022_AGN_4870_AT.HTM,observed,,,,,missing_not_reconstructed
waggawagga,2021,2021-22,waggawagga:total_capital_works,Total Capital Works,,analyst_label_key_not_official_project_id,mixed_or_unverified,usable_totals_component_movement_conflict,,"Full-year capital works including pending projects; original same-basis budget not reconstructed. Sep one-off movement $2,000,585 does not reconcile to stated budgets (difference $1m); totals reconcile. Cash IPPE actual cannot fill this scope.",False,False,False,,,,,missing_not_reconstructed,158777354,wagga_q1,Capital Works Summary,https://meetings.wagga.nsw.gov.au/Open/2021/10/OC_25102021_AGN_4814_AT.htm,observed,132452986,wagga_q2,Capital Works Summary,https://meetings.wagga.nsw.gov.au/Open/2022/01/OC_31012022_AGN_4855_AT.htm,observed,128413693,wagga_q3,Capital Works Summary,https://meetings.wagga.nsw.gov.au/Open/2022/04/OC_11042022_AGN_4870_AT.HTM,observed,,,,,missing_not_reconstructed
lismore,2021,2021-22,lismore:new_other,New Other,,analyst_label_key_not_official_project_id,mixed_or_unverified,quarantine_year_unit_and_classification_conflicts,,Source other/new plant reclassification between Q2 and Q3; selected category rows now sum to total. Stale unit/year headings remain quarantined.,False,False,False,0.0,lismore_all2021_oc_09112021_att_excluded,294.0,https://lismore.infocouncil.biz/Open/2021/11/OC_09112021_ATT_EXCLUDED.PDF,quarantined_source_conflict,57700,lismore_all2021_oc_09112021_att_excluded,294,https://lismore.infocouncil.biz/Open/2021/11/OC_09112021_ATT_EXCLUDED.PDF,quarantined_source_conflict,1035700,lismore_oc_08022022_att_excluded_direct,106,https://lismore.infocouncil.biz/Open/2022/02/OC_08022022_ATT_EXCLUDED.PDF,quarantined_source_conflict,959300,lismore_oc_10052022_att_excluded_direct,164,https://lismore.infocouncil.biz/Open/2022/05/OC_10052022_ATT_EXCLUDED.PDF,quarantined_source_conflict,,,,,missing_not_reconstructed
lismore,2021,2021-22,lismore:new_plant_and_equipment,New Plant and Equipment,,analyst_label_key_not_official_project_id,mixed_or_unverified,quarantine_year_unit_and_classification_conflicts,,Source other/new plant reclassification between Q2 and Q3; selected category rows now sum to total. Stale unit/year headings remain quarantined.,False,False,False,0.0,lismore_all2021_oc_09112021_att_excluded,294.0,https://lismore.infocouncil.biz/Open/2021/11/OC_09112021_ATT_EXCLUDED.PDF,quarantined_source_conflict,0,lismore_all2021_oc_09112021_att_excluded,294,https://lismore.infocouncil.biz/Open/2021/11/OC_09112021_ATT_EXCLUDED.PDF,quarantined_source_conflict,0,lismore_oc_08022022_att_excluded_direct,106,https://lismore.infocouncil.biz/Open/2022/02/OC_08022022_ATT_EXCLUDED.PDF,quarantined_source_conflict,35000,lismore_oc_10052022_att_excluded_direct,164,https://lismore.infocouncil.biz/Open/2022/05/OC_10052022_ATT_EXCLUDED.PDF,quarantined_source_conflict,,,,,missing_not_reconstructed
