file,sha256,bytes
sources/euro_2020_index.html,1e9b82b3c14c8c42b308eff669353d99fbaeb6f198e5585f5c152af3c9300bf8,5617
sources/euro_2020_index.txt,ae0b26c68939e8214056c2517af3b5091f1c674c8aef5f1e1fbab7804a78829b,58
sources/euro_2020_index_links.json,4f53cda18c2baa0c0354bb5f9a3ecbe5ed12ab4d8e11ba873c2f11161202b945,2
sources/euro_q1.html,c1c5e5b818200d52c5427e7d10fe9979a14f48162f73b157aab61e63f0e2f199,5753
sources/euro_q1.txt,ae0b26c68939e8214056c2517af3b5091f1c674c8aef5f1e1fbab7804a78829b,58
sources/euro_q1_links.json,4f53cda18c2baa0c0354bb5f9a3ecbe5ed12ab4d8e11ba873c2f11161202b945,2
sources/euro_q2_attachment.html,69065e9425a963ad36e98d3c504bb9d23b56ddfa559a6693f6264f0f9fbd3b0a,5699
sources/euro_q2_attachment.txt,ae0b26c68939e8214056c2517af3b5091f1c674c8aef5f1e1fbab7804a78829b,58
sources/euro_q2_attachment_links.json,4f53cda18c2baa0c0354bb5f9a3ecbe5ed12ab4d8e11ba873c2f11161202b945,2
sources/euro_q3.html,c755dc1fcc7aa0dd74db9b749c796525b9613ad7ce7fe1562976a6da733d11dd,5756
sources/euro_q3.txt,ae0b26c68939e8214056c2517af3b5091f1c674c8aef5f1e1fbab7804a78829b,58
sources/euro_q3_links.json,4f53cda18c2baa0c0354bb5f9a3ecbe5ed12ab4d8e11ba873c2f11161202b945,2
sources/griffith_2019.html,9ac6329c45d3dc91abd91ff403f32d24c0964c4c0c1c284b5c87936cdfaa2348,310432
sources/griffith_2019_co_26112019_agn_1080_at.pdf,10bee3ba60232b0fe3c944492e4352568179df8c5b7a2ac3dffc852c9d420307,3512813
sources/griffith_2019_co_26112019_agn_1080_at.txt,a8749d75ac3b0af0c8b3741999e07f1b28984691f25d3c8a5d1686d824f1aa4f,194054
sources/griffith_2019_co_26112019_att_1080_excluded.pdf,4874b91fb3bcba19bae015799bcbeee6bc96cda43ac807dc57b80180b2b6f80a,13114801
sources/griffith_2019_co_26112019_att_1080_excluded.txt,451bc0c7b6521b7a99b701ec4e53d596ce3940ec5750e8a50c18c719d8a4f79c,86702
sources/griffith_2019_co_26112019_att_1080_plans.pdf,4dcd0dc7b3b89de0286c79308d34bb2e01adf335b8d7c6234634886f5c51e6e9,21229787
sources/griffith_2019_co_26112019_att_1080_plans.txt,e83afd2704ff5ad086d7ffd6263e085c74f1f40e8ee761571a6d5bb249570afe,36735
sources/griffith_2019_co_26112019_min_1080.pdf,70c8e666b21ff142fd4d49186572a0c9dd8680d11e12d69bf2a5588ed5cf914c,545295
sources/griffith_2019_co_26112019_min_1080.txt,7551bbefbbe8086e8f683cd35fa913f3da5f3e3a8d2297c647d942cffa40436b,18146
sources/griffith_2019_links.json,05f865403490845887537643c97d50aeb4caa535914ea76ad64f1842c07e4998,32160
sources/griffith_2020.html,be9be4da4e93d44d6ac1daeff09b28cd575c55ec674e2e56f8a6bca2cf7a06a0,262098
sources/griffith_2020_co_25022020_agn_1261_at.pdf,ab4f95faae30b68ac02e30232e8dc7221bb8ae5c39c506d3fb2105883317b761,1367744
sources/griffith_2020_co_25022020_agn_1261_at.txt,f8bb93e99b4785bd735182e828e1f075062cf7422d4018dda9acc3d2aaf05f14,85675
sources/griffith_2020_co_25022020_att_1261_excluded.pdf,2caea2b59fc55ef515f9fc2b64f1530307e311d6832c2ad72e9420f712ffb03e,8398514
sources/griffith_2020_co_25022020_att_1261_excluded.txt,688c84e32cccf18c678d086f7f11b5a97a245a97abc106c0284bf80eb2e14e39,26664
sources/griffith_2020_co_25022020_att_1261_plans.pdf,9a01558a9e6294a87abc5d36093868f92c687dc424e736585b5bd095e0488c7b,10535507
sources/griffith_2020_co_25022020_att_1261_plans.txt,f1ea7d92e20b2556a8d256a3bf69a484ae5bc7b46b7207a62f020a4fc588a2db,15430
sources/griffith_2020_co_25022020_min_1261.pdf,4b5d7058752f7eb5f10208fcefd4c8ceaba772be64b54248096071c8cd078ba1,315888
sources/griffith_2020_co_25022020_min_1261.txt,817e94bacc389b2bb0fe58f30e958ff040441c0a8a519f1e7db592a467798b8b,6179
sources/griffith_2020_links.json,735165dd681e9a12bf51b987ffaf9572bc8a7f707e2f0b6be9676f6df0799556,27708
sources/griffith_q2.pdf,ab4f95faae30b68ac02e30232e8dc7221bb8ae5c39c506d3fb2105883317b761,1367744
sources/griffith_q2.txt,f8bb93e99b4785bd735182e828e1f075062cf7422d4018dda9acc3d2aaf05f14,85675
sources/griffith_q3.pdf,b96f80124cfe9a209622f7f60efc5600c71f82248e5959896203c1eab0874b14,11352469
sources/griffith_q3.txt,601fab4a71359b45608b10e133cd9d43061a57ccbf236bf04e89e3aca26edcb4,29336
sources/griffith_q3_minutes.pdf,302c17307cebcb8dba1f2f26cac36e27dd9fa6dba66e4e6540c5e62c8120437f,423048
sources/griffith_q3_minutes.txt,87e03bb961ed1b52886f0ffcc50b710e44e1045fd9baac2f94a119270b0faeb6,29409
sources/griffithcapital_verified_page.png,12d5990150f734c2a2c3706485b6d9d11a2f89644e90b4323e004ed7e2a7f2c7,373811
sources/griffithq1_verified_page.png,1910c5eb83000b1e3c4a9f7737b5e64054f4a42ffeb6118ae747f51165fc7dd5,609865
sources/griffithq2_verified_page.png,2c3e88f24a7642fe6b942cd969a4a42a2845702989dbf3bdd74321060c53f5c0,1029144
sources/lismore_all2021.html,c0f7ed5f66c216dc1cd1d635475b2f94013b81be30db084e9c56bbbce4b380d2,118749
sources/lismore_all2021_links.json,91d1261f16b41fcd1e75741618fdd6efe160a49879ed6ff2bf05375878497f27,12034
sources/lismore_all2021_oc_09112021_agn_at.pdf,e87ed208ce46dd68413e49fce195bcbb9969875cdf04a756cd7e15fbd583bf24,5231792
sources/lismore_all2021_oc_09112021_agn_at.txt,de78717e612d72184f7f4e03e58a013e6c730012d2f3cc190c7bb758c76a8d51,350734
sources/lismore_all2021_oc_09112021_att_excluded.pdf,8f30fdcfff45b746e92224b344e3e8c727f672605c4f3a90b0d22923a4e3c6b4,31951814
sources/lismore_all2021_oc_09112021_att_excluded.txt,b04c12616fa5de25d28422c1f1d73642be53d12abb824f3b068b09f8bcd27db1,131630
sources/lismore_all2021_oc_09112021_min.pdf,95c1a842ec4f2d8738f18cc1a3f0c40eb69fe0361a6c33060e715ed7a45db191,324997
sources/lismore_all2021_oc_09112021_min.txt,34d8a5c11448d3ba2035003fec07860aebb36f4f05276f8a4b2758dd92cfba86,32243
sources/lismore_archive.html,abaecd17fe7dc06be8557f3c66073588d24c295f55fae12197fb42318fc53f05,284219
sources/lismore_archive.txt,cc71509497c1c93031d17d82c0ad944297b2abde1c81e1d4eb1fbcd88f0f385f,29762
sources/lismore_archive_links.json,a97394303a8347836564b262731d7cff3b6b3f23312d40e43e1e20b3f3cf6b1b,127996
sources/lismore_business.html,da89f5151d838cc8ac3ca2d4557428e8970225ae161be0f7b9e4c9d859c811fa,142026
sources/lismore_business.txt,1133a5dd6d442e0be55f1d6bdffae01e6738a334aacd2ec463eb7c69c6bc4f29,11023
sources/lismore_business_links.json,5f5e07678292a591e38345c514ab269cfa55e0028c5142fad0fddf1c424a16ec,49623
sources/lismore_index2021.html,1408ff249502f587d7ed394960218fd5e864b7e509ffceb9d9d3195e1daa071a,70777
sources/lismore_index2021_links.json,8ee15853c884b353b4a88f9dba44d7297550b2ae7b2de2f6c71c9083e68b5be9,6052
sources/lismore_index2022.html,223dc04fc7e1b0688b4080292de2d7955c2823e59ab0a8eda505a81381f345fc,71621
sources/lismore_index2022_links.json,63b2ec6217c1dc2e2f98b3cc98401dc910bec940c3353dd7f416b99222cb36a4,5871
sources/lismore_meetings.html,6853e913dcb812f30f5655e1c2fa1a47b176c588899749911aecb26c57a6aafb,167955
sources/lismore_meetings.txt,3e605f15e1ed00364b86eeff053ce3ae4b0b5a767d6a946ddd58194682c6e07d,12357
sources/lismore_meetings_links.json,097cdfe6d47b7631880b0b5c04850defb2cda272a4808f93b6436ec6f8be9cea,56376
sources/lismore_oc_08022022_agn_at.pdf,6d31e95c20616a63005501d8178f1ece6a9c8826d57ee79a5b840bae44555a3a,6458983
sources/lismore_oc_08022022_agn_at.txt,9bdbbaff7c141652b2aff2915229a1a141d6b417170fe887db9d8b44e3b2f20f,255603
sources/lismore_oc_08022022_agn_at_direct.pdf,6d31e95c20616a63005501d8178f1ece6a9c8826d57ee79a5b840bae44555a3a,6458983
sources/lismore_oc_08022022_agn_at_direct.txt,9bdbbaff7c141652b2aff2915229a1a141d6b417170fe887db9d8b44e3b2f20f,255603
sources/lismore_oc_08022022_att_excluded.pdf,47e26151d130f243856e1205e0e81dcde6ee8bb4a0dd879712d20effd7424eda,6869828
sources/lismore_oc_08022022_att_excluded.txt,948e2ec8e6ffb6166e5fa246b8d3de8106306966ae4f2da8b11e675732d258f8,39048
sources/lismore_oc_08022022_att_excluded_direct.pdf,47e26151d130f243856e1205e0e81dcde6ee8bb4a0dd879712d20effd7424eda,6869828
sources/lismore_oc_08022022_att_excluded_direct.txt,948e2ec8e6ffb6166e5fa246b8d3de8106306966ae4f2da8b11e675732d258f8,39048
sources/lismore_oc_08022022_att_excluded_direct_ocr_p100.txt,fb8cbd5daf454a38298daedaace0f5bd75e4ad5e9619aaec71d82fa5ba81d34e,1907
sources/lismore_oc_08022022_att_excluded_direct_ocr_p101.txt,8751233bba64bdbc7dd32d592b7572591b4b87dbe952ac96c853be92134e5900,2230
sources/lismore_oc_08022022_att_excluded_direct_ocr_p102.txt,7d72222e147c1352a0567f35c8cd7d9dd17c38063b85d796ca3d2d7ef4b8984d,1749
sources/lismore_oc_08022022_att_excluded_direct_ocr_p103.txt,ab11f92eed06234e8b1282b8f8cd92e107971b05f0896b02d3d89e58376213d2,2013
sources/lismore_oc_08022022_att_excluded_direct_ocr_p104.txt,849f59cf8862e054d25749b8fe4ca1228046d8ef6202e2ad23beb20180759789,2172
sources/lismore_oc_08022022_att_excluded_direct_ocr_p105.txt,3ec3537caa0ffbde1433c58869134349e84b0f6e15af226efcaf645877bbe5ae,1198
sources/lismore_oc_08022022_att_excluded_direct_ocr_p106.txt,007258723ab5e3c1e621a51f9f16ed5112ed75ef524ad079f12a7c533d31a396,2855
sources/lismore_oc_08022022_att_excluded_direct_ocr_p107.txt,b04f69d99b97762d2d497b0a116c01cb25f2fc3041898fc606524d2e347b6494,1618
sources/lismore_oc_08022022_att_excluded_direct_ocr_p108.txt,8d893de4ce8be1c36e0c532909557ec4d0eca6624b26743a386ae5feda545b87,898
sources/lismore_oc_08022022_att_excluded_direct_ocr_p109.txt,caaa2737941b380a5f7cb9546921a12aa2a10c5455450ede73dab6ac9249fb29,2171
sources/lismore_oc_08022022_att_excluded_direct_ocr_p110.txt,9f18c9e5da4ad4e56693216c637bba54718fc0dd00f8ed6e8fb61b10db00bdd8,2690
sources/lismore_oc_08022022_att_excluded_direct_ocr_p111.txt,54118501e0ef83c359d998cb37523d935bd200f8f6bd8c423ae2abf4a1652710,789
sources/lismore_oc_08022022_att_excluded_direct_ocr_p112.txt,18b4698e839d042a18727f4c8d194c73db1b980bc7d09fe8abcfde72e2489254,2176
sources/lismore_oc_08022022_att_excluded_direct_ocr_p113.txt,3c93bcf3076df427c695463293461ba39999c6773d087b2b8b018ff63bc9efbb,2224
sources/lismore_oc_08022022_att_excluded_direct_ocr_p114.txt,1d65b82b91e8ea1a947ce7a079284973d0ad8020b476e1fd22aca660abd260cc,1295
sources/lismore_oc_08022022_att_excluded_direct_ocr_p115.txt,4837dec2d4d479ed296f55d2eb09930c5970a24b01f61356472e68a1f9d1abfd,988
sources/lismore_oc_08022022_att_excluded_direct_ocr_p116.txt,ff01625a90923d16080159044cbb83510ae43fbb41616077516a854f22db8821,1098
sources/lismore_oc_08022022_att_excluded_direct_ocr_p117.txt,9880fba01e13aacadd006a05aed22dea65160636065d95e41d6d04e141785a99,708
sources/lismore_oc_08022022_att_excluded_direct_ocr_p93.txt,1acd1fb284ea96324dac20c21877ae95a5f7c4467ac80a86d3efd51b5a5e11e5,837
sources/lismore_oc_08022022_att_excluded_direct_ocr_p94.txt,e65642fb3e6ae0a8f2b8d28a34d04303a264e2f6b90f48e455d75e2998fac76a,2047
sources/lismore_oc_08022022_att_excluded_direct_ocr_p95.txt,43b025338996f690afc7e2d07c548d13cfdcf7697c07d9100731b6e8331f9d37,2596
sources/lismore_oc_08022022_att_excluded_direct_ocr_p96.txt,ef3ff17dd8ba4051dc523cc289b37fa2f1aecf7fa2c1d8c69db3fe97d0d92625,2304
sources/lismore_oc_08022022_att_excluded_direct_ocr_p97.txt,026f922ed9465a25748bec3a4ef242e0e830bc913bae707d30346ef9b55bf9cd,1945
sources/lismore_oc_08022022_att_excluded_direct_ocr_p98.txt,e9e8378df17b8e0eeb3fe11660075787542b26a4532f57f1112a88a7e08ab311,2022
sources/lismore_oc_08022022_att_excluded_direct_ocr_p99.txt,37ebf6963feb3af5c389448b2e03fe8c107fb5a56943463b7b74bc957717c92e,1970
sources/lismore_oc_08022022_min.pdf,aeffd0b19445606c9ed199c3ed207d8953c45f45a82d552c63bd9aba0116af7e,341053
sources/lismore_oc_08022022_min.txt,9d1dc3ac654a2eb9390a47436c71caf5ca145dbb30929c63aa51035801ceee3a,51832
sources/lismore_oc_09082022_agn_at.html,64b0077276ad99f29bd7850b21ae57801083dc2ee76498f50616f1f27fad3670,1570
sources/lismore_oc_09082022_agn_at.txt,72fbd62614a4629c076f9a613dca67e88a03a7c458903d8faaf116eceb32a17b,837
sources/lismore_oc_09082022_agn_at_direct.pdf,6f26f9b39e00b392ac10ebb2ab769ac1a34e4ae6edcf43cc3a2f62b875d4b23a,9239229
sources/lismore_oc_09082022_agn_at_direct.txt,6ec189b77cd85ff3eecea0adb6ad72cf1c0d57cefdbe6fd8addef6950dfe0747,297391
sources/lismore_oc_09082022_agn_at_links.json,4f53cda18c2baa0c0354bb5f9a3ecbe5ed12ab4d8e11ba873c2f11161202b945,2
sources/lismore_oc_09082022_att_excluded.html,64b0077276ad99f29bd7850b21ae57801083dc2ee76498f50616f1f27fad3670,1570
sources/lismore_oc_09082022_att_excluded.txt,72fbd62614a4629c076f9a613dca67e88a03a7c458903d8faaf116eceb32a17b,837
sources/lismore_oc_09082022_att_excluded_direct.pdf,177b4c65d99609fed3992112b5653984015e755b3053876488333c1bc32dc227,23648799
sources/lismore_oc_09082022_att_excluded_direct.txt,a16ae3dbbe6492d13231ebf38838255e5eab5859c69ea0a649ca15b0156e94a4,70597
sources/lismore_oc_09082022_att_excluded_links.json,4f53cda18c2baa0c0354bb5f9a3ecbe5ed12ab4d8e11ba873c2f11161202b945,2
sources/lismore_oc_09082022_min.html,64b0077276ad99f29bd7850b21ae57801083dc2ee76498f50616f1f27fad3670,1570
sources/lismore_oc_09082022_min.txt,72fbd62614a4629c076f9a613dca67e88a03a7c458903d8faaf116eceb32a17b,837
sources/lismore_oc_09082022_min_links.json,4f53cda18c2baa0c0354bb5f9a3ecbe5ed12ab4d8e11ba873c2f11161202b945,2
sources/lismore_oc_10052022_agn_at.html,64b0077276ad99f29bd7850b21ae57801083dc2ee76498f50616f1f27fad3670,1570
sources/lismore_oc_10052022_agn_at.txt,72fbd62614a4629c076f9a613dca67e88a03a7c458903d8faaf116eceb32a17b,837
sources/lismore_oc_10052022_agn_at_direct.pdf,c8e66e5034ca316c049ccf6be2775b4bf7d785864c2f0a0f103095b43b5de133,8388839
sources/lismore_oc_10052022_agn_at_direct.txt,14ec97170668bb5ce9c1acfe6a877fff7a88e17915625d6b4c85b86f4728730d,254686
sources/lismore_oc_10052022_agn_at_links.json,4f53cda18c2baa0c0354bb5f9a3ecbe5ed12ab4d8e11ba873c2f11161202b945,2
sources/lismore_oc_10052022_att_excluded.pdf,e2307fdec6453ede02616c56770d7d97b852f918d1bd7dc6e748f50df74bcc0d,16174589
sources/lismore_oc_10052022_att_excluded.txt,a6c402543083bae3423d7b63e8e259cc0b0e230516a278073383eba2b9a51744,87583
sources/lismore_oc_10052022_att_excluded_direct.pdf,e2307fdec6453ede02616c56770d7d97b852f918d1bd7dc6e748f50df74bcc0d,16174589
sources/lismore_oc_10052022_att_excluded_direct.txt,a6c402543083bae3423d7b63e8e259cc0b0e230516a278073383eba2b9a51744,87583
sources/lismore_oc_10052022_att_excluded_direct_ocr_p146.txt,56c55e1a4c86ef8082b3a3a7d2c27dc5fc1fc9911c1bb81c15400da9b38bdac1,829
sources/lismore_oc_10052022_att_excluded_direct_ocr_p147.txt,b22ebd2b6243f370ce6b52a952d178eabe6014b3de4971e05dd18a4dfc86ff2e,2617
sources/lismore_oc_10052022_att_excluded_direct_ocr_p148.txt,f8b878d55f191fd0f2226d7f8e7d6748980eb6760314313e66d0cb06512b98bd,2670
sources/lismore_oc_10052022_att_excluded_direct_ocr_p149.txt,ad615282667c397e7195283710d5dfc926ac00481741389c5c1daedad0f859c3,2341
sources/lismore_oc_10052022_att_excluded_direct_ocr_p150.txt,c984fdd1f72c50c6f49eec38121019c7d70b8cc2302237cc63ca0162a5513ab6,1602
sources/lismore_oc_10052022_att_excluded_direct_ocr_p151.txt,00160fb456d7cb1b4d0ca5a6f6d6e33b24736ff7831a8a6b23531313535f8431,1692
sources/lismore_oc_10052022_att_excluded_direct_ocr_p152.txt,7986548aba41a39e8a436b1eb6efc4a47c9dc31088f817ce0750b9660f801119,1939
sources/lismore_oc_10052022_att_excluded_direct_ocr_p153.txt,f1ed91f0fbf88a405d48f32bae0d483cb71dfa82a221d65a611217a234b368f5,1589
sources/lismore_oc_10052022_att_excluded_direct_ocr_p154.txt,547ce50024ac5ab5069ab47451782f4cc48bd197589a99f53577a0123c4e9b9e,1878
sources/lismore_oc_10052022_att_excluded_direct_ocr_p155.txt,943b7ef06874db6e19458d5f3c4a27090df1ffce0e04d29e262dc21e0faf071e,2063
sources/lismore_oc_10052022_att_excluded_direct_ocr_p156.txt,455b5d416da447c6c52f82b0bef8c69a18ea1863b8144b18a13a3c12e7831212,1807
sources/lismore_oc_10052022_att_excluded_direct_ocr_p157.txt,4d09612e7383a63a101fd30eab0bbc20e5d4a1fb641c832293818ccd07fd4254,1909
sources/lismore_oc_10052022_att_excluded_direct_ocr_p158.txt,ef4c97d54d4d6b6442bfa7660e6aa406efb5d95b39bf7b91a2d090d7003e74d4,1674
sources/lismore_oc_10052022_att_excluded_direct_ocr_p159.txt,7de94d6c6f42a0f8226c3c6ded44beb094e40619c8f9a68080776aa1943adc20,1852
sources/lismore_oc_10052022_att_excluded_direct_ocr_p160.txt,4a1bdbcc6aac9baabc2b1412eb0cf8ab7266f2e2d7cea89279dd8015df20eead,1756
sources/lismore_oc_10052022_att_excluded_direct_ocr_p161.txt,c39d5da72fbef7a8f5c8d93fe1ff24c27d1e1ac6328010411aafc8c9d0763998,1987
sources/lismore_oc_10052022_att_excluded_direct_ocr_p162.txt,4eef4d13bbf24f98794f59997b5383863d37e9940092010bc3b569d7d102a6da,1570
sources/lismore_oc_10052022_att_excluded_direct_ocr_p163.txt,5e43fd72a897878dec5cc4c069c0ae5fb2abd70109e6be6c8b2ef0a34354f1aa,937
sources/lismore_oc_10052022_att_excluded_direct_ocr_p164.txt,516bbde11af958823cb3147114f4a62af0a7fc91c6a1b3eec6c0480b93c152cc,2967
sources/lismore_oc_10052022_att_excluded_direct_ocr_p165.txt,7c509e76e25caf182ab5d836571cd13201b8d288ede29152c59f4ddd7ff647cd,1676
sources/lismore_oc_10052022_att_excluded_direct_ocr_p166.txt,a3eea2ad3fb17546ed10bcdc92358bbd3fd7a9a8b1599a42c8a5dde559ca07a0,1656
sources/lismore_oc_10052022_att_excluded_direct_ocr_p167.txt,61c0bc3cfe1334ca0836b013057077f180663b1f13dbd0816fb6191b88951a39,1770
sources/lismore_oc_10052022_att_excluded_direct_ocr_p168.txt,657be49d69876b69a81645c34e4437ad44b0a50ce2ee782b0cadb716652f0075,1862
sources/lismore_oc_10052022_att_excluded_direct_ocr_p169.txt,274ba8b4be6d3f66bec84040d53e940cb5e2e1eb8b62a84971d133a5056f4aa2,2856
sources/lismore_oc_10052022_att_excluded_direct_ocr_p170.txt,f8dd597f6e75d9bc8474517e2a69b4d8da152ec88bf7793cc43df19953aea789,776
sources/lismore_oc_10052022_att_excluded_direct_ocr_p171.txt,69457ff741f56fffe365dcdac1cca2a85f0910f4df3d9f1637cc4cdee0635c10,2132
sources/lismore_oc_10052022_att_excluded_direct_ocr_p172.txt,67efcdd0991f86711a7a0734f8562ecab04b27ccb8eeefc704297a1e2778ed24,2206
sources/lismore_oc_10052022_att_excluded_direct_ocr_p173.txt,2f5bd4b2fe6185e0f87d6ba407bd59401e6e2a420b1b2999a02ed4ccd98a5a57,1292
sources/lismore_oc_10052022_att_excluded_direct_ocr_p174.txt,4779a25e9f561161cdcb598929fe2b021ed8545c0be07d082eef8e96a566a511,974
sources/lismore_oc_10052022_att_excluded_direct_ocr_p175.txt,0c07f887277a569caaa7de02679d85d42e3f465b53a74de2f113c2535d51e61e,1085
sources/lismore_oc_10052022_att_excluded_direct_ocr_p176.txt,68c7496224716f8f1015573dc21b2944de79a8fdf298d2b9eff0e56caca3c0d7,677
sources/lismore_oc_10052022_min.pdf,59bf8c20d0594dc92b44b017076d39560b25f16a93c1b1b187599196791467d4,298983
sources/lismore_oc_10052022_min.txt,52d998713bcf2241b808e94e676f9d06fddc9bae7e72cef2521c54d84fa06fd3,39383
sources/lismore_oc_22062021_agn_at_extra.pdf,ddaacad6e1e1e4af1d0146e06f615f5b9b9d28e7fe7c095e71f5ca5292f2ea0a,246169
sources/lismore_oc_22062021_agn_at_extra.txt,0af4eed099e1be2e366d4debe7fb210ca85f7488a5c3e86be90d9f72aeafce8a,9855
sources/lismore_oc_22062021_min_extra.pdf,b91da87d11d157f478473ea2a72c8196e2e6e084fac9e90241bb253922488e21,150678
sources/lismore_oc_22062021_min_extra.txt,f24bf8f3553e1eefd7ba496783f078d12c745637d7b6292a7c195bd0d3b8a374,5292
sources/lismore_portal.html,3dd96274e4431cc0c165f66f680b96dd5ee7dbb04fa57e55b9b3c4daae262e5b,70777
sources/lismore_portal.txt,3ec070531417b56172094e6b160200c48ff95f5443cc6bc350335fe23c873303,1800
sources/lismore_portal_links.json,53ca880b7624a2ad8dd888503d338affc0937fce2fc12f74ecdc49846662f13d,5819
sources/lismore_q3_p164_verified_page.png,48d495beea9bd775234dadc0648b931d14976b65d7ba5538f7320b20e19dd96c,676782
sources/lismore_q3_p165_verified_page.png,501b0e716a430065149fbfc542d3a7bfbb32db703ef696fdef4f03b0dfa1937b,475167
sources/lismore_q3_p166_verified_page.png,b10753b5fd17c8d74e0ae57be3b2499705bed7751e48e5e27929aeda73c735c4,461438
sources/lismoreq1capital_verified_page.png,582ac9d96b660cecb582e0e6846eb61725e033c3b4b8178afc704a850752e317,569392
sources/richmond_2022_index.html,9a7055495913b53e8411425ce465a5b390a6bcfb983ee8be27748f4590ee9025,281893
sources/richmond_2022_index.txt,b97b44568c625c367182fdda0081fbaf7e94edb27ca7354444b894d5c61fdd18,16444
sources/richmond_2022_index_links.json,00ec037e5e55c215d5fac9b8efae53e1c0ee960785665a97b7534564c93b5046,97608
sources/richmond_budgets_current.html,ee3644a967109f8aefdb8e0adce8fbff32d9436a7bbbf841038004c353967ab7,266241
sources/richmond_budgets_current.txt,d6fdf179d5e261148e740ea83e55215bff9513a38d37c58d3a0b5eaf3b87f857,17894
sources/richmond_budgets_current_links.json,192795c0482ea33e769fc41040de9dfc99fdeffa1fac7a909a7f776cee405885,98970
sources/richmond_delivery2022.pdf,153fdeea4e39192e2f5ea43bc7e3af26bec68f604234b63859957a8c1ccf1e0d,931915
sources/richmond_delivery2022.txt,4f65fafc2ce60c191bbd02d2bc5dd528a0190e684ece185626ad331ecc21fc87,258807
sources/richmond_index.html,6c4cbad6c9df97b660fad927c41bac3c4986ed1fa6c8e3e74a81b6a4e625b71d,274057
sources/richmond_index.txt,5a7338fc234d2b27a03e4ec8717f30df00c555c3c6bbafcb86de6978c2c37a69,21305
sources/richmond_index_links.json,129abbbc7593274da4dabb0caf08c9292347089dd9fb6fc7b3cc89061ca14e26,100120
sources/richmond_may_agenda.pdf,ae1aff0c8ee07cac1a08cca21dee7d31c38533ca1259e3fa4ca310801e859d5e,1538381
sources/richmond_may_agenda.txt,7fc8e0817a21e34ffa8effe42771529aca6910ef9d177042e64f5b1621321758,107621
sources/richmond_q1.pdf,ae12cec69a3a661cded2bdabaed6430eb5053a34f807e79ae1af41626af53bac,234509
sources/richmond_q1.txt,b48349ba98ff76fa228ade9b1ca07ecbc62f6d3c04f2a975db5d4acca2b36914,117431
sources/richmond_q1_minutes.pdf,adc1f49210e1ec7d7cc6fe60806d15354ffd2bc295f29fe50e530f8158223e06,314032
sources/richmond_q1_minutes.txt,9dc4feca1126b2f43394dc670b38697c0476e6f5c96880a1f7b8ef23ecc1f52f,44642
sources/richmond_q2_attachments.pdf,a731735a38d7be1ca7d2b5a26d676e223562515fc594ab91bd6e108b81d277f4,14803019
sources/richmond_q2_attachments.txt,2e7e264c9ef85e525edc501c3b0502848bf23cd1ce48b6e9def6dba648a91ea9,22856
sources/richmond_q2_minutes.pdf,a7e5bb3cc18c01e19ef454cc4a857f31cc6bfd5c187624f993e6665392f7e9b2,260367
sources/richmond_q2_minutes.txt,2ed16f5a9717d5c5674bf92cca3b13f199a804fc0a8a3a4bdcd59cf30c476504,48109
sources/richmond_q3.pdf,35223babec8135a8b56de33b364c2d28b20e9abfc09a7800b01029e666348e05,258106
sources/richmond_q3.txt,91951327a1e3380ffddfbcaf21cb2cb4243fdcba6e05c951129146762b48b85f,109161
sources/richmond_q3_minutes.pdf,ac7df879a8002ca831aa1fd738640b02488a08308666225a6cf449f347809bd6,276114
sources/richmond_q3_minutes.txt,d006712f321d15e1e9673253c0d7fb5a622defdafa6f24420617a5181aa13e4b,29985
sources/richmondq2_verified_page.png,45ff90a2529b2609fbfa9b646393eaa9be5472555db71925ee7f8fb1bb981b22,470321
sources/wagga_fs2022.pdf,9275d6a732e36e6b676b867ed6cbf71d32aff39f53029217f044af854e7acadf,6262708
sources/wagga_fs2022.txt,ba9ba615d097f6f67d236650df623d9cb1d8b653973077ddded6bf8fcf09c187,434538
sources/wagga_q1.html,bf5f5c5951d804787cc8d25f12082ea18dae349540c1965afc7ea9c36d48a9b4,1383336
sources/wagga_q1.txt,8c9ec9e2e2cba98cf3afc41765aed17d147456a7a78a5d9b035055d07c0ba68c,151326
sources/wagga_q1_links.json,2e55cece337bdcd3bd5d24c50b09c03d60aee5837eb3e669f0548e8179765360,10596
sources/wagga_q1_minutes.html,cc91e4260284b5a2414e64f47b53382188e4495325d84f477adab2af332f9e2b,199919
sources/wagga_q1_minutes.txt,56be062f0e2ecce57e29779348304f519b922b278369a992ad019b700449c9a5,34260
sources/wagga_q1_minutes_links.json,4f53cda18c2baa0c0354bb5f9a3ecbe5ed12ab4d8e11ba873c2f11161202b945,2
sources/wagga_q2.html,69b0faafeb07bd211449267a35579498a70a9fb62ce5020e16062b3c9c100a9d,1245310
sources/wagga_q2.txt,24be21cf16cf2ca73741fc67b3fd780c410260188be5720c72dcae82b2b89c86,103227
sources/wagga_q2_links.json,7786c2e24a7994663cf1ce41987f1fc578e520385ab26f2c1762262d1e7b9b0d,5541
sources/wagga_q2_minutes.html,8bd3be9a3d472424cf9368ca0fcbbad28ad79b9a406c3a5f8b5f32ab4bbff890,188888
sources/wagga_q2_minutes.txt,0a85fb9f730acc03e2eaa45d7245cd672f259ba2cd43aa8952269eb9d07deb97,29876
sources/wagga_q2_minutes_links.json,4f53cda18c2baa0c0354bb5f9a3ecbe5ed12ab4d8e11ba873c2f11161202b945,2
sources/wagga_q3.html,0c42f37c30ca1114b0eab6ba194e4484a097226842457e8fccc4c93e739012d9,1330669
sources/wagga_q3.txt,3105037730141e246814d2b1f60cb3101adbeeae8001eeaeece55c2ad89c99a3,146340
sources/wagga_q3_links.json,edda2dfc3ed2a8d1cd7edf47e78f5acee4041f70d214022cc9702fa859416d83,4100
sources/wagga_q3_minutes.html,d81c8764364321d39669b91c033a89db79fff3ecef1e0250615d67f5984e11f5,161661
sources/wagga_q3_minutes.txt,a4925af1acb16ef46b12d92e1b1deff91417bea2ddf6bcd79b1b2acf7bc23886,25094
sources/wagga_q3_minutes_links.json,4f53cda18c2baa0c0354bb5f9a3ecbe5ed12ab4d8e11ba873c2f11161202b945,2
