dataset,column,dtype,nonmissing,missing,missing_pct,distinct
fiscal,council_key,object,1339,0,0.0,103
fiscal,council_name,object,1339,0,0.0,103
fiscal,year_start,int64,1339,0,0.0,13
fiscal,financial_year,object,1339,0,0.0,13
fiscal,period_start,object,1339,0,0.0,13
fiscal,period_end,object,1339,0,0.0,13
fiscal,reporting_months,int64,1339,0,0.0,1
fiscal,reporting_period_evidence,object,1339,0,0.0,1
fiscal,source_file,object,1339,0,0.0,12
fiscal,source_sheet,object,1339,0,0.0,9
fiscal,source_excel_row,int64,1339,0,0.0,153
fiscal,historical_extension,bool,1339,0,0.0,2
fiscal,operating_ratio_pct,float64,1232,107,7.991038088125467,1013
fiscal,cash_cover_reported_months,float64,1232,107,7.991038088125467,1177
fiscal,current_ratio,float64,1232,107,7.991038088125467,1056
fiscal,own_source_pct,float64,1232,107,7.991038088125467,1119
fiscal,grants_pct,float64,1334,5,0.37341299477221807,1311
fiscal,debt_service_cover,float64,1232,107,7.991038088125467,1111
fiscal,debt_service_ratio_pct,float64,1129,210,15.683345780433159,1076
fiscal,actual_maintenance_aud,float64,1334,5,0.37341299477221807,1279
fiscal,required_maintenance_aud,float64,1334,5,0.37341299477221807,1264
fiscal,maintenance_reported_pct,float64,1334,5,0.37341299477221807,1106
fiscal,total_revenue_including_capital_aud,float64,1334,5,0.37341299477221807,1329
fiscal,total_expenses_aud,float64,1334,5,0.37341299477221807,1327
fiscal,result_before_capital_aud,float64,615,724,54.07020164301718,600
fiscal,residential_rates_aud,float64,1231,108,8.06572068707991,1193
fiscal,farmland_rates_aud,float64,1229,110,8.215085884988797,1025
fiscal,business_rates_aud,float64,1334,5,0.37341299477221807,1155
fiscal,mining_rates_aud,float64,824,515,38.46153846153847,299
fiscal,population,int64,1339,0,0.0,1216
fiscal,area_km2,float64,1133,206,15.384615384615385,196
fiscal,road_reported_km,float64,1339,0,0.0,892
fiscal,cash_cover_months,float64,1129,210,15.683345780433159,1074
fiscal,cash_definition_status,object,1339,0,0.0,2
fiscal,operating_definition_regime,object,1339,0,0.0,4
fiscal,debt_service_cover_requires_review,bool,1339,0,0.0,2
fiscal,road_scope,object,1339,0,0.0,2
fiscal,road_km,float64,927,412,30.76923076923077,629
fiscal,maintenance_gap_aud,float64,1334,5,0.37341299477221807,1154
fiscal,maintenance_calculated_pct,float64,1334,5,0.37341299477221807,1270
fiscal,maintenance_difference_pp,float64,1334,5,0.37341299477221807,1262
fiscal,maintenance_conflict,bool,1339,0,0.0,2
fiscal,maintenance_ratio_pct,float64,1327,12,0.8961911874533234,1263
fiscal,maintenance_basis,object,1339,0,0.0,1
fiscal,fesm_burned_ha,float64,721,618,46.15384615384615,305
fiscal,fesm_burned_pct_raw,object,721,618,46.15384615384615,141
fiscal,fesm_extent_only_ha,float64,206,1133,84.61538461538461,94
fiscal,fesm_min_fire_size_ha_exclusive,float64,721,618,46.15384615384615,2
fiscal,fesm_source_file,object,721,618,46.15384615384615,7
fiscal,fesm_excel_total_row,float64,721,618,46.15384615384615,195
fiscal,fesm_status,object,824,515,38.46153846153847,3
fiscal,boundary_change_flag,object,824,515,38.46153846153847,1
fiscal,boundary_compatibility,object,824,515,38.46153846153847,1
fiscal,physical_flood_status,object,824,515,38.46153846153847,1
fiscal,verified_zero_all_disaster_exposure,object,824,515,38.46153846153847,1
fiscal,bushfire_declared_event_count,float64,824,515,38.46153846153847,4
fiscal,bushfire_agrns,object,138,1201,89.69380134428678,76
fiscal,bushfire_declaration_status,object,824,515,38.46153846153847,2
fiscal,flood_declared_event_count,float64,824,515,38.46153846153847,6
fiscal,flood_agrns,object,398,941,70.27632561613144,68
fiscal,flood_declaration_status,object,824,515,38.46153846153847,2
fiscal,all_declared_event_count,float64,824,515,38.46153846153847,7
fiscal,all_declaration_status,object,824,515,38.46153846153847,2
fiscal,source_list_disagreement_count,float64,824,515,38.46153846153847,2
fiscal,open_ended_onset_event_count,float64,824,515,38.46153846153847,7
fiscal,known_prior_year_carryover_count,float64,824,515,38.46153846153847,1
fiscal,prior_fy_declared_event_count,float64,824,515,38.46153846153847,7
fiscal,direct_infrastructure_damage_documented,float64,5,1334,99.62658700522779,1
fiscal,direct_infrastructure_evidence_ids,object,5,1334,99.62658700522779,5
fiscal,exposure_coverage_status,object,1339,0,0.0,2
fiscal,rates_annual_charges_aud,float64,9,1330,99.32785660941,9
fiscal,user_charges_fees_aud,float64,9,1330,99.32785660941,9
fiscal,other_revenue_aud,float64,9,1330,99.32785660941,9
fiscal,operating_grants_aud,float64,9,1330,99.32785660941,9
fiscal,capital_grants_aud,float64,9,1330,99.32785660941,9
fiscal,interest_investment_aud,float64,9,1330,99.32785660941,9
fiscal,employee_cost_aud,float64,9,1330,99.32785660941,9
fiscal,materials_services_aud,float64,9,1330,99.32785660941,9
fiscal,borrowing_cost_aud,float64,9,1330,99.32785660941,9
fiscal,depreciation_impairment_aud,float64,9,1330,99.32785660941,9
fiscal,other_expense_aud,float64,9,1330,99.32785660941,9
fiscal,statement_total_revenue_aud,float64,9,1330,99.32785660941,9
fiscal,statement_total_expenses_aud,float64,9,1330,99.32785660941,9
fiscal,operating_revenue_ex_capital_aud,float64,9,1330,99.32785660941,9
fiscal,candidate_only,bool,1339,0,0.0,1
fiscal,strict_asof_predictor_panel,bool,1339,0,0.0,1
e3_panel,council_key,object,36,0,0.0,6
e3_panel,council_name,object,36,0,0.0,6
e3_panel,year_start,int64,36,0,0.0,8
e3_panel,financial_year,object,36,0,0.0,8
e3_panel,period_start,object,36,0,0.0,8
e3_panel,period_end,object,36,0,0.0,8
e3_panel,reporting_months,int64,36,0,0.0,1
e3_panel,source_file,object,36,0,0.0,8
e3_panel,source_sheet,object,36,0,0.0,5
e3_panel,source_excel_row,int64,36,0,0.0,8
e3_panel,actual_maintenance_aud,float64,35,1,2.7777777777777777,33
e3_panel,required_maintenance_aud,float64,35,1,2.7777777777777777,29
e3_panel,maintenance_ratio_pct,float64,34,2,5.555555555555555,27
e3_panel,maintenance_conflict,bool,36,0,0.0,2
e3_panel,maintenance_basis,object,36,0,0.0,1
e3_panel,fesm_burned_ha,float64,36,0,0.0,19
e3_panel,fesm_status,object,36,0,0.0,3
e3_panel,fesm_source_file,object,36,0,0.0,8
e3_panel,fesm_asof_forecast_status,object,36,0,0.0,2
e3_panel,bushfire_declared,float64,33,3,8.333333333333332,2
e3_panel,flood_declared,float64,34,2,5.555555555555555,2
e3_panel,all_declared,float64,34,2,5.555555555555555,2
e3_panel,bushfire_declaration_status,object,36,0,0.0,3
e3_panel,flood_declaration_status,object,36,0,0.0,4
e3_panel,all_agrns,object,21,15,41.66666666666667,15
e3_panel,declaration_inventory_status,object,36,0,0.0,2
e3_panel,declaration_source_files,object,36,0,0.0,2
e3_panel,physical_flood_status,object,36,0,0.0,1
e3_panel,verified_zero_all_disaster_exposure,bool,36,0,0.0,1
e3_panel,index_event_year,int64,36,0,0.0,2
e3_panel,event_group,object,36,0,0.0,2
e3_panel,role,object,36,0,0.0,2
e3_panel,relative_year,int64,36,0,0.0,6
e3_panel,pre_cash_cover_months,float64,36,0,0.0,6
e3_panel,pre_operating_ratio_pct,float64,36,0,0.0,6
e3_panel,pre_current_ratio,float64,36,0,0.0,6
e3_panel,pre_own_source_pct,float64,36,0,0.0,6
e3_panel,pre_debt_service_cover,float64,36,0,0.0,6
e3_panel,pre_debt_service_cover_requires_review,bool,36,0,0.0,1
e3_panel,pre_population,int64,36,0,0.0,6
e3_panel,pre_road_km,float64,36,0,0.0,6
e3_panel,pre_actual_maintenance_aud,float64,36,0,0.0,6
e3_panel,pre_maintenance_ratio_pct,float64,36,0,0.0,6
e3_panel,pre_fiscal_year,int64,36,0,0.0,2
e3_panel,pre_information_vintage,object,36,0,0.0,1
e3_panel,pre_fiscal_source_file,object,36,0,0.0,2
e3_panel,pre_fiscal_source_sheet,object,36,0,0.0,2
e3_panel,pre_fiscal_source_excel_row,int64,36,0,0.0,6
e3_panel,low_pre_cash_cover,int64,36,0,0.0,1
e3_panel,weak_pre_operating_position,int64,36,0,0.0,2
e3_panel,planned_routine_maintenance_aud,float64,0,36,100.0,0
e3_panel,actual_routine_maintenance_aud,float64,0,36,100.0,0
e3_panel,planned_routine_status,object,36,0,0.0,1
e3_panel,actual_routine_status,object,36,0,0.0,1
e3_panel,disaster_reconstruction_expenditure_aud,float64,0,36,100.0,0
e3_panel,disaster_reconstruction_status,object,36,0,0.0,1
e3_panel,maintenance_deviation,float64,0,36,100.0,0
e3_panel,primary_outcome_eligible,bool,36,0,0.0,1
e3_panel,primary_exclusion_reason,object,36,0,0.0,1
e3_panel,secondary_only,bool,36,0,0.0,1
e3_panel,causal_eligible,bool,36,0,0.0,1
e3_panel,routine_separation_status,object,36,0,0.0,1
e3_panel,price_basis,object,36,0,0.0,1
e3_panel,evidence_ids,object,8,28,77.77777777777779,8
evidence,evidence_id,object,37,0,0.0,37
evidence,source_id,object,37,0,0.0,15
evidence,council_key,object,37,0,0.0,6
evidence,year_start,int64,37,0,0.0,5
evidence,financial_year,object,37,0,0.0,5
evidence,field,object,37,0,0.0,25
evidence,value,float64,33,4,10.81081081081081,32
evidence,value_status,object,37,0,0.0,4
evidence,raw_value,object,33,4,10.81081081081081,32
evidence,raw_wording,object,28,9,24.324324324324326,27
evidence,unit,object,37,0,0.0,5
evidence,page_or_table,object,37,0,0.0,25
evidence,accounting_category,object,37,0,0.0,15
evidence,asset_scope,object,37,0,0.0,29
evidence,verification_status,object,37,0,0.0,4
evidence,confidence,object,37,0,0.0,1
evidence,document_date,object,13,24,64.86486486486487,6
evidence,primary_eligible,bool,37,0,0.0,1
evidence,eligibility_reason,object,37,0,0.0,27
evidence,source_url,object,37,0,0.0,15
evidence,source_local_file,object,37,0,0.0,15
evidence,source_sha256,object,37,0,0.0,15
events_historical,record_id,object,111,0,0.0,111
events_historical,source_id,object,111,0,0.0,5
events_historical,source_file,object,111,0,0.0,5
events_historical,source_url,object,111,0,0.0,5
events_historical,pdf_page,int64,111,0,0.0,9
events_historical,reported_event_date,object,111,0,0.0,96
events_historical,reported_hazard,object,111,0,0.0,25
events_historical,reported_area,object,111,0,0.0,105
events_historical,agricultural_only,bool,111,0,0.0,2
events_historical,agrn,float64,0,111,100.0,0
events_historical,declaration_announcement_date,float64,0,111,100.0,0
events_historical,source_first_publication_date,float64,0,111,100.0,0
events_historical,publication_date_status,object,111,0,0.0,1
events_historical,onset_date_lower_bound,object,111,0,0.0,92
events_historical,onset_date_upper_bound,object,111,0,0.0,93
events_historical,reported_end_date,object,28,83,74.77477477477478,25
events_historical,date_precision,object,111,0,0.0,4
events_historical,year_start,int64,111,0,0.0,5
events_historical,financial_year,object,111,0,0.0,5
events_historical,hazard_group,object,111,0,0.0,3
events_historical,event_id,object,111,0,0.0,110
events_historical,include_in_historical_panel,bool,111,0,0.0,2
events_historical,exclusion_reason,object,25,86,77.47747747747748,3
exposure,council_key,object,1339,0,0.0,103
exposure,council_name,object,1339,0,0.0,103
exposure,year_start,int64,1339,0,0.0,13
exposure,financial_year,object,1339,0,0.0,13
exposure,historical_extension,bool,1339,0,0.0,2
exposure,exposure_provenance,object,1339,0,0.0,2
exposure,fesm_burned_ha,float64,1236,103,7.6923076923076925,457
exposure,fesm_burned_pct_raw,object,1236,103,7.6923076923076925,294
exposure,fesm_extent_only_ha,float64,721,618,46.15384615384615,94
exposure,fesm_min_fire_size_ha_exclusive,float64,1236,103,7.6923076923076925,2
exposure,fesm_status,object,1339,0,0.0,4
exposure,fesm_sensor,object,1339,0,0.0,3
exposure,fesm_boundary_vintage,object,1339,0,0.0,2
exposure,fesm_area_method,object,1339,0,0.0,2
exposure,fesm_source_file,object,1236,103,7.6923076923076925,12
exposure,fesm_source_member,object,1339,0,0.0,6
exposure,fesm_excel_total_row,float64,721,618,46.15384615384615,195
exposure,fesm_asof_forecast_status,object,1339,0,0.0,2
exposure,declaration_inventory_status,object,1339,0,0.0,3
exposure,declaration_regime,object,1339,0,0.0,2
exposure,declaration_source_files,object,1339,0,0.0,6
exposure,declaration_asof_forecast_status,object,1339,0,0.0,2
exposure,physical_flood_status,object,1339,0,0.0,1
exposure,flood_inundated_ha,float64,0,1339,100.0,0
exposure,verified_zero_all_disaster_exposure,bool,1339,0,0.0,1
exposure,bushfire_declared,float64,983,356,26.58700522778193,2
exposure,bushfire_declared_event_count,float64,927,412,30.76923076923077,5
exposure,bushfire_observed_event_count,float64,983,356,26.58700522778193,5
exposure,bushfire_count_is_lower_bound,bool,1339,0,0.0,2
exposure,bushfire_declaration_status,object,1339,0,0.0,6
exposure,bushfire_event_ids,object,253,1086,81.10530246452576,121
exposure,bushfire_agrns,object,138,1201,89.69380134428678,76
exposure,flood_declared,float64,1047,292,21.807318894697538,2
exposure,flood_declared_event_count,float64,927,412,30.76923076923077,6
exposure,flood_observed_event_count,float64,1047,292,21.807318894697538,6
exposure,flood_count_is_lower_bound,bool,1339,0,0.0,2
exposure,flood_declaration_status,object,1339,0,0.0,6
exposure,flood_event_ids,object,549,790,58.999253174010455,91
exposure,flood_agrns,object,398,941,70.27632561613144,68
exposure,all_declared,float64,1111,228,17.027632561613142,2
exposure,all_declared_event_count,float64,927,412,30.76923076923077,7
exposure,all_observed_event_count,float64,1111,228,17.027632561613142,7
exposure,all_count_is_lower_bound,bool,1339,0,0.0,2
exposure,all_declaration_status,object,1339,0,0.0,6
exposure,all_event_ids,object,741,598,44.66019417475729,278
exposure,all_agrns,object,485,854,63.77893950709485,183
activation,Location_Name,object,2475,0,0.0,606
activation,Location_Type,object,2475,0,0.0,2
activation,Location_code,int64,2475,0,0.0,609
activation,STATE,object,2475,0,0.0,8
activation,event_name,object,2475,0,0.0,378
activation,agrn,int64,2475,0,0.0,378
activation,cat_A,int64,2475,0,0.0,2
activation,cat_B,int64,2475,0,0.0,2
activation,cat_C,int64,2475,0,0.0,2
activation,cat_D,int64,2475,0,0.0,2
activation,highest_drfa_category_group,object,2475,0,0.0,3
activation,AGDRP,int64,2475,0,0.0,2
activation,DRA,int64,2475,0,0.0,2
activation,hazard_type,object,2474,1,0.0404040404040404,11
activation,disaster_start_date,object,2475,0,0.0,330
